Position,Const,Created,Modified,Description,Title,URL,Title Type,IMDb Rating,Runtime (mins),Year,Genres,Num Votes,Release Date,Directors
1,tt6966692,2019-02-22,2019-02-25,*** 2019 Best Picture Winner ***,Green Book,https://www.imdb.com/title/tt6966692/,movie,8.2,130,2018,"Biography, Comedy, Drama, Music",301898,2018-09-11,Peter Farrelly
2,tt1825683,2019-02-22,2019-02-22,,Black Panther,https://www.imdb.com/title/tt1825683/,movie,7.3,134,2018,"Action, Adventure, Sci-Fi",569738,2018-01-29,Ryan Coogler
3,tt7349662,2019-02-22,2019-02-22,,BlacKkKlansman,https://www.imdb.com/title/tt7349662/,movie,7.5,135,2018,"Biography, Crime, Drama",182306,2018-05-14,Spike Lee
4,tt1727824,2019-02-22,2019-02-22,,Bohemian Rhapsody,https://www.imdb.com/title/tt1727824/,movie,8.0,134,2018,"Biography, Drama, Music",414016,2018-10-23,Bryan Singer
5,tt5083738,2019-02-22,2019-02-22,,The Favourite,https://www.imdb.com/title/tt5083738/,movie,7.6,119,2018,"Biography, Comedy, Drama, History",151600,2018-08-30,Yorgos Lanthimos
6,tt6155172,2019-02-22,2019-02-22,,Roma,https://www.imdb.com/title/tt6155172/,movie,7.7,135,2018,Drama,125880,2018-08-30,Alfonso Cuarón
7,tt1517451,2019-02-22,2019-02-22,,A Star Is Born,https://www.imdb.com/title/tt1517451/,movie,7.7,136,2018,"Drama, Music, Romance",300970,2018-08-31,Bradley Cooper
8,tt6266538,2019-02-22,2019-02-22,,Vice,https://www.imdb.com/title/tt6266538/,movie,7.2,132,2018,"Biography, Comedy, Drama",103464,2018-12-12,Adam McKay
9,tt5580390,2018-05-18,2019-02-25,*** 2018 Best Picture Winner ***,The Shape of Water,https://www.imdb.com/title/tt5580390/,movie,7.3,123,2017,"Adventure, Drama, Fantasy, Romance, Thriller",342135,2017-08-31,Guillermo del Toro
10,tt5013056,2018-05-18,2018-05-18,,Dunkirk,https://www.imdb.com/title/tt5013056/,movie,7.9,106,2017,"Action, Drama, History, Thriller, War",506801,2017-07-13,Christopher Nolan
11,tt5027774,2018-05-18,2018-05-18,,"Three Billboards Outside Ebbing, Missouri",https://www.imdb.com/title/tt5027774/,movie,8.2,115,2017,"Comedy, Crime, Drama",388068,2017-09-04,Martin McDonagh
12,tt4925292,2018-05-18,2018-05-18,,Lady Bird,https://www.imdb.com/title/tt4925292/,movie,7.4,94,2017,"Comedy, Drama",208586,2017-09-01,Greta Gerwig
13,tt6294822,2018-05-18,2018-05-18,,The Post,https://www.imdb.com/title/tt6294822/,movie,7.2,116,2017,"Biography, Drama, History, Thriller",121690,2017-12-14,Steven Spielberg
14,tt5052448,2018-05-18,2018-05-18,,Get Out,https://www.imdb.com/title/tt5052448/,movie,7.7,104,2017,"Horror, Mystery, Thriller",449507,2017-01-23,Jordan Peele
15,tt5726616,2018-05-18,2018-05-18,,Call Me by Your Name,https://www.imdb.com/title/tt5726616/,movie,7.9,132,2017,"Drama, Romance",181915,2017-01-22,Luca Guadagnino
16,tt4555426,2018-05-18,2018-05-18,,Darkest Hour,https://www.imdb.com/title/tt4555426/,movie,7.4,125,2017,"Biography, Drama, History, War",155168,2017-09-01,Joe Wright
17,tt5294550,2018-05-18,2018-05-18,,All the Money in the World,https://www.imdb.com/title/tt5294550/,movie,6.8,132,2017,"Biography, Crime, Drama, Mystery, Thriller",67599,2017-12-18,Ridley Scott
18,tt4975722,2017-08-23,2018-05-18,*** 2017 Best Picture Winner ***,Moonlight,https://www.imdb.com/title/tt4975722/,movie,7.4,111,2016,Drama,249846,2016-09-02,Barry Jenkins
19,tt2543164,2017-08-23,2017-08-23,,Arrival,https://www.imdb.com/title/tt2543164/,movie,7.9,116,2016,"Drama, Mystery, Sci-Fi, Thriller",553768,2016-09-01,Denis Villeneuve
20,tt2671706,2017-08-23,2017-08-23,,Fences,https://www.imdb.com/title/tt2671706/,movie,7.2,139,2016,Drama,92328,2016-12-06,Denzel Washington
21,tt2119532,2017-08-23,2017-08-23,,Hacksaw Ridge,https://www.imdb.com/title/tt2119532/,movie,8.1,139,2016,"Biography, Drama, History, War",398743,2016-09-04,Mel Gibson
22,tt2582782,2017-08-23,2017-08-23,,Hell or High Water,https://www.imdb.com/title/tt2582782/,movie,7.6,102,2016,"Action, Crime, Drama, Thriller, Western",189822,2016-05-16,David Mackenzie
23,tt4846340,2017-08-23,2017-08-23,,Hidden Figures,https://www.imdb.com/title/tt4846340/,movie,7.8,127,2016,"Biography, Drama, History",184609,2016-12-01,Theodore Melfi
24,tt3783958,2017-08-23,2017-08-23,,La La Land,https://www.imdb.com/title/tt3783958/,movie,8.0,128,2016,"Comedy, Drama, Music, Musical, Romance",468659,2016-08-31,Damien Chazelle
25,tt3741834,2017-08-23,2017-08-23,,Lion,https://www.imdb.com/title/tt3741834/,movie,8.0,118,2016,"Biography, Drama",195701,2016-09-10,Garth Davis
26,tt4034228,2017-08-23,2018-03-20,,Manchester by the Sea,https://www.imdb.com/title/tt4034228/,movie,7.8,137,2016,Drama,229394,2016-01-23,Kenneth Lonergan
27,tt1895587,2017-08-23,2019-02-25,*** 2016 Best Picture Winner ***,Spotlight,https://www.imdb.com/title/tt1895587/,movie,8.1,129,2015,"Biography, Crime, Drama",390430,2015-09-03,Tom McCarthy
28,tt1596363,2017-08-23,2017-08-23,,The Big Short,https://www.imdb.com/title/tt1596363/,movie,7.8,130,2015,"Biography, Comedy, Drama, History",333097,2015-11-12,Adam McKay
29,tt3682448,2017-08-23,2017-08-23,,Bridge of Spies,https://www.imdb.com/title/tt3682448/,movie,7.6,142,2015,"Drama, History, Thriller",273988,2015-10-04,Steven Spielberg
30,tt2381111,2017-08-23,2017-08-23,,Brooklyn,https://www.imdb.com/title/tt2381111/,movie,7.5,117,2015,"Drama, Romance",123577,2015-01-26,John Crowley
31,tt1392190,2017-08-23,2017-08-23,,Mad Max: Fury Road,https://www.imdb.com/title/tt1392190/,movie,8.1,120,2015,"Action, Adventure, Sci-Fi, Thriller",825952,2015-05-07,George Miller
32,tt3659388,2017-08-23,2017-08-23,,The Martian,https://www.imdb.com/title/tt3659388/,movie,8.0,144,2015,"Adventure, Drama, Sci-Fi",719115,2015-09-11,Ridley Scott
33,tt1663202,2017-08-23,2017-08-23,,The Revenant,https://www.imdb.com/title/tt1663202/,movie,8.0,156,2015,"Action, Adventure, Biography, Drama, History, Western",662759,2015-12-16,Alejandro G. Iñárritu
34,tt3170832,2017-08-23,2017-08-23,,Room,https://www.imdb.com/title/tt3170832/,movie,8.1,118,2015,"Drama, Thriller",340767,2015-09-04,Lenny Abrahamson
35,tt2562232,2015-02-27,2019-02-25,*** 2015 Best Picture Winner ***,Birdman or (The Unexpected Virtue of Ignorance),https://www.imdb.com/title/tt2562232/,movie,7.7,119,2014,"Comedy, Drama",549232,2014-08-27,Alejandro G. Iñárritu
36,tt2179136,2015-02-27,2015-02-27,,American Sniper,https://www.imdb.com/title/tt2179136/,movie,7.3,133,2014,"Action, Biography, Drama, War",418655,2014-11-11,Clint Eastwood
37,tt1065073,2015-02-27,2015-02-27,,Boyhood,https://www.imdb.com/title/tt1065073/,movie,7.9,165,2014,Drama,324856,2014-01-19,Richard Linklater
38,tt2084970,2015-02-27,2015-02-27,,The Imitation Game,https://www.imdb.com/title/tt2084970/,movie,8.0,114,2014,"Biography, Drama, Thriller, War",648211,2014-08-29,Morten Tyldum
39,tt2278388,2015-02-27,2015-02-27,,The Grand Budapest Hotel,https://www.imdb.com/title/tt2278388/,movie,8.1,99,2014,"Adventure, Comedy, Crime",666274,2014-02-06,Wes Anderson
40,tt1020072,2015-02-27,2015-02-27,,Selma,https://www.imdb.com/title/tt1020072/,movie,7.5,128,2014,"Biography, Drama, History",80487,2014-11-11,Ava DuVernay
41,tt2980516,2015-02-27,2015-02-27,,The Theory of Everything,https://www.imdb.com/title/tt2980516/,movie,7.7,123,2014,"Biography, Drama, Romance",378983,2014-09-07,James Marsh
42,tt2582802,2015-02-27,2015-02-27,,Whiplash,https://www.imdb.com/title/tt2582802/,movie,8.5,106,2014,"Drama, Music",663109,2014-01-16,Damien Chazelle
43,tt2024544,2014-01-16,2018-05-18,*** 2014 Best Picture Winner ***,12 Years a Slave,https://www.imdb.com/title/tt2024544/,movie,8.1,134,2013,"Biography, Drama, History",605935,2013-08-30,Steve McQueen
44,tt1800241,2014-01-16,2014-01-16,,American Hustle,https://www.imdb.com/title/tt1800241/,movie,7.2,138,2013,"Crime, Drama",432098,2013-12-12,David O. Russell
45,tt1535109,2014-01-16,2014-01-16,,Captain Phillips,https://www.imdb.com/title/tt1535109/,movie,7.8,134,2013,"Biography, Crime, Drama, Thriller",402244,2013-09-27,Paul Greengrass
46,tt0790636,2014-01-16,2014-01-16,,Dallas Buyers Club,https://www.imdb.com/title/tt0790636/,movie,8.0,117,2013,"Biography, Drama",419067,2013-09-07,Jean-Marc Vallée
47,tt1454468,2014-01-16,2014-01-16,,Gravity,https://www.imdb.com/title/tt1454468/,movie,7.7,91,2013,"Drama, Sci-Fi, Thriller",739202,2013-08-28,Alfonso Cuarón
48,tt1798709,2014-01-16,2014-01-16,,Her,https://www.imdb.com/title/tt1798709/,movie,8.0,126,2013,"Drama, Romance, Sci-Fi",503588,2013-10-12,Spike Jonze
49,tt1821549,2014-01-16,2014-01-16,,Nebraska,https://www.imdb.com/title/tt1821549/,movie,7.7,115,2013,"Adventure, Comedy, Drama",108519,2013-05-23,Alexander Payne
50,tt2431286,2014-01-16,2014-01-16,,Philomena,https://www.imdb.com/title/tt2431286/,movie,7.6,98,2013,"Biography, Comedy, Drama",91110,2013-08-31,Stephen Frears
51,tt0993846,2014-01-16,2014-01-16,,The Wolf of Wall Street,https://www.imdb.com/title/tt0993846/,movie,8.2,180,2013,"Biography, Crime, Drama",1098351,2013-12-09,Martin Scorsese
52,tt1024648,2013-01-10,2018-05-18,*** 2013 Best Picture Winner ***,Argo,https://www.imdb.com/title/tt1024648/,movie,7.7,120,2012,"Biography, Drama, Thriller",552692,2012-08-31,Ben Affleck
53,tt2125435,2013-01-10,2013-01-10,,Beasts of the Southern Wild,https://www.imdb.com/title/tt2125435/,movie,7.3,93,2012,"Adventure, Drama, Fantasy",78921,2012-01-20,Benh Zeitlin
54,tt1790885,2013-01-10,2013-01-10,,Zero Dark Thirty,https://www.imdb.com/title/tt1790885/,movie,7.4,157,2012,"Drama, Thriller",260125,2012-12-10,Kathryn Bigelow
55,tt1602620,2013-01-10,2013-01-10,,Amour,https://www.imdb.com/title/tt1602620/,movie,7.9,127,2012,"Drama, Romance",88478,2012-05-20,Michael Haneke
56,tt1045658,2013-01-10,2013-01-10,,Silver Linings Playbook,https://www.imdb.com/title/tt1045658/,movie,7.7,122,2012,"Comedy, Drama, Romance",638904,2012-09-08,David O. Russell
57,tt0443272,2013-01-10,2013-01-10,,Lincoln,https://www.imdb.com/title/tt0443272/,movie,7.3,150,2012,"Biography, Drama, History, War",235869,2012-10-08,Steven Spielberg
58,tt0454876,2013-01-10,2013-01-10,,Life of Pi,https://www.imdb.com/title/tt0454876/,movie,7.9,127,2012,"Adventure, Drama, Fantasy",556783,2012-09-28,Ang Lee
59,tt1707386,2013-01-10,2013-01-10,,Les Misérables,https://www.imdb.com/title/tt1707386/,movie,7.6,158,2012,"Drama, History, Musical, Romance, War",296335,2012-12-05,Tom Hooper
60,tt1853728,2013-01-10,2013-01-10,,Django Unchained,https://www.imdb.com/title/tt1853728/,movie,8.4,165,2012,"Drama, Western",1277540,2012-12-11,Quentin Tarantino
61,tt1655442,2012-07-19,2018-05-18,*** 2012 Best Picture Winner ***,The Artist,https://www.imdb.com/title/tt1655442/,movie,7.9,100,2011,"Comedy, Drama, Romance",222915,2011-05-15,Michel Hazanavicius
62,tt0478304,2012-07-19,2012-07-19,,The Tree of Life,https://www.imdb.com/title/tt0478304/,movie,6.8,139,2011,"Drama, Fantasy",161724,2011-05-16,Terrence Malick
63,tt1033575,2012-07-19,2012-07-19,,The Descendants,https://www.imdb.com/title/tt1033575/,movie,7.3,115,2011,"Comedy, Drama",227303,2011-09-02,Alexander Payne
64,tt0477302,2012-07-19,2012-07-19,,Extremely Loud & Incredibly Close,https://www.imdb.com/title/tt0477302/,movie,6.9,129,2011,"Adventure, Drama, Mystery",95204,2011-12-15,Stephen Daldry
65,tt1454029,2012-07-19,2012-07-19,,The Help,https://www.imdb.com/title/tt1454029/,movie,8.1,146,2011,Drama,407159,2011-08-09,Tate Taylor
66,tt0970179,2012-07-19,2012-07-19,,Hugo,https://www.imdb.com/title/tt0970179/,movie,7.5,126,2011,"Drama, Family, Fantasy, Mystery",293679,2011-10-10,Martin Scorsese
67,tt1605783,2012-07-19,2012-07-19,,Midnight in Paris,https://www.imdb.com/title/tt1605783/,movie,7.7,96,2011,"Comedy, Fantasy, Romance",369284,2011-05-11,Woody Allen
68,tt1210166,2012-07-19,2012-07-19,,Moneyball,https://www.imdb.com/title/tt1210166/,movie,7.6,133,2011,"Biography, Drama, Sport",342523,2011-09-09,Bennett Miller
69,tt1568911,2012-07-19,2012-07-19,,War Horse,https://www.imdb.com/title/tt1568911/,movie,7.2,146,2011,"Action, Adventure, Drama, History, War",141263,2011-12-04,Steven Spielberg
70,tt1504320,2012-07-19,2018-05-18,*** 2011 Best Picture Winner ***,The King's Speech,https://www.imdb.com/title/tt1504320/,movie,8.0,118,2010,"Biography, Drama, History",615361,2010-09-06,Tom Hooper
71,tt1542344,2012-07-19,2012-07-19,,127 Hours,https://www.imdb.com/title/tt1542344/,movie,7.6,94,2010,"Biography, Drama",335167,2010-09-04,Danny Boyle
72,tt0947798,2012-07-19,2012-07-19,,Black Swan,https://www.imdb.com/title/tt0947798/,movie,8.0,108,2010,"Drama, Thriller",672408,2010-09-01,Darren Aronofsky
73,tt0964517,2012-07-19,2012-07-19,,The Fighter,https://www.imdb.com/title/tt0964517/,movie,7.8,116,2010,"Biography, Drama, Sport",327035,2010-12-06,David O. Russell
74,tt1375666,2012-07-19,2012-07-19,,Inception,https://www.imdb.com/title/tt1375666/,movie,8.8,148,2010,"Action, Adventure, Sci-Fi, Thriller",1934808,2010-07-08,Christopher Nolan
75,tt0842926,2012-07-19,2012-07-19,,The Kids Are All Right,https://www.imdb.com/title/tt0842926/,movie,7.0,106,2010,"Comedy, Drama, Romance",122761,2010-01-25,Lisa Cholodenko
76,tt1285016,2012-07-19,2012-07-19,,The Social Network,https://www.imdb.com/title/tt1285016/,movie,7.7,120,2010,"Biography, Drama",590896,2010-09-24,David Fincher
77,tt0435761,2012-07-19,2012-07-19,,Toy Story 3,https://www.imdb.com/title/tt0435761/,movie,8.3,103,2010,"Animation, Adventure, Comedy, Family, Fantasy",722043,2010-06-12,Lee Unkrich
78,tt1403865,2012-07-19,2012-07-19,,True Grit,https://www.imdb.com/title/tt1403865/,movie,7.6,110,2010,"Drama, Western",295846,2010-12-14,"Ethan Coen, Joel Coen"
79,tt0887912,2012-07-19,2018-05-18,*** 2010 Best Picture Winner ***,The Hurt Locker,https://www.imdb.com/title/tt0887912/,movie,7.6,131,2008,"Drama, Thriller, War",405940,2008-09-04,Kathryn Bigelow
80,tt1019452,2012-07-19,2012-07-19,,A Serious Man,https://www.imdb.com/title/tt1019452/,movie,7.0,106,2009,"Comedy, Drama",126832,2009-09-12,"Ethan Coen, Joel Coen"
81,tt1174732,2012-07-19,2012-07-19,,An Education,https://www.imdb.com/title/tt1174732/,movie,7.3,100,2009,Drama,125328,2009-01-18,Lone Scherfig
82,tt0499549,2012-07-19,2012-07-19,,Avatar,https://www.imdb.com/title/tt0499549/,movie,7.8,162,2009,"Action, Adventure, Fantasy, Sci-Fi",1082281,2009-12-10,James Cameron
83,tt1136608,2012-07-19,2012-07-19,,District 9,https://www.imdb.com/title/tt1136608/,movie,7.9,112,2009,"Action, Sci-Fi, Thriller",620696,2009-08-13,Neill Blomkamp
84,tt0361748,2012-07-19,2012-07-19,,Inglourious Basterds,https://www.imdb.com/title/tt0361748/,movie,8.3,153,2009,"Adventure, Drama, War",1191139,2009-05-20,Quentin Tarantino
85,tt0929632,2012-07-19,2012-07-19,,Precious,https://www.imdb.com/title/tt0929632/,movie,7.3,110,2009,Drama,102581,2009-01-16,Lee Daniels
86,tt0878804,2012-07-19,2012-07-19,,The Blind Side,https://www.imdb.com/title/tt0878804/,movie,7.6,129,2009,"Biography, Drama, Sport",278214,2009-11-17,John Lee Hancock
87,tt1049413,2012-07-19,2012-07-19,,Up,https://www.imdb.com/title/tt1049413/,movie,8.2,96,2009,"Animation, Adventure, Comedy, Family",887854,2009-05-13,"Pete Docter, Bob Peterson"
88,tt1193138,2012-07-19,2012-07-19,,Up in the Air,https://www.imdb.com/title/tt1193138/,movie,7.4,109,2009,"Comedy, Drama, Romance",308848,2009-09-05,Jason Reitman
89,tt1010048,2012-07-19,2018-05-18,*** 2009 Best Picture Winner ***,Slumdog Millionaire,https://www.imdb.com/title/tt1010048/,movie,8.0,120,2008,"Drama, Romance",770590,2008-08-30,"Loveleen Tandan, Danny Boyle"
90,tt0421715,2012-07-19,2012-07-19,,The Curious Case of Benjamin Button,https://www.imdb.com/title/tt0421715/,movie,7.8,166,2008,"Drama, Fantasy, Romance",560481,2008-12-10,David Fincher
91,tt0870111,2012-07-19,2012-07-19,,Frost/Nixon,https://www.imdb.com/title/tt0870111/,movie,7.7,122,2008,"Biography, Drama, History",99286,2008-10-15,Ron Howard
92,tt1013753,2012-07-19,2012-07-19,,Milk,https://www.imdb.com/title/tt1013753/,movie,7.5,128,2008,"Biography, Drama",159897,2008-10-28,Gus Van Sant
93,tt0976051,2012-07-19,2012-07-19,,The Reader,https://www.imdb.com/title/tt0976051/,movie,7.6,124,2008,"Drama, Romance",223554,2008-12-10,Stephen Daldry
94,tt0477348,2012-07-19,2018-05-18,*** 2008 Best Picture Winner ***,No Country for Old Men,https://www.imdb.com/title/tt0477348/,movie,8.1,122,2007,"Crime, Drama, Thriller",804385,2007-05-19,"Ethan Coen, Joel Coen"
95,tt0783233,2012-07-19,2012-07-19,,Atonement,https://www.imdb.com/title/tt0783233/,movie,7.8,123,2007,"Drama, Mystery, Romance, War",237112,2007-08-28,Joe Wright
96,tt0467406,2012-07-19,2012-07-19,,Juno,https://www.imdb.com/title/tt0467406/,movie,7.4,96,2007,"Comedy, Drama",477045,2007-09-01,Jason Reitman
97,tt0465538,2012-07-19,2012-07-19,,Michael Clayton,https://www.imdb.com/title/tt0465538/,movie,7.2,119,2007,"Crime, Drama, Mystery, Thriller",151712,2007-08-31,Tony Gilroy
98,tt0469494,2012-07-19,2012-07-19,,There Will Be Blood,https://www.imdb.com/title/tt0469494/,movie,8.2,158,2007,Drama,486403,2007-09-27,Paul Thomas Anderson
99,tt0407887,2012-07-19,2018-05-18,*** 2007 Best Picture Winner ***,The Departed,https://www.imdb.com/title/tt0407887/,movie,8.5,151,2006,"Crime, Drama, Thriller",1127661,2006-09-26,Martin Scorsese
100,tt0449467,2012-07-20,2012-07-20,,Babel,https://www.imdb.com/title/tt0449467/,movie,7.4,143,2006,Drama,280329,2006-05-23,Alejandro G. Iñárritu
101,tt0498380,2012-07-20,2012-07-20,,Letters from Iwo Jima,https://www.imdb.com/title/tt0498380/,movie,7.9,141,2006,"Action, Adventure, Drama, History, War",149588,2006-11-15,Clint Eastwood
102,tt0449059,2012-07-20,2012-07-20,,Little Miss Sunshine,https://www.imdb.com/title/tt0449059/,movie,7.8,101,2006,"Comedy, Drama",422826,2006-01-20,"Jonathan Dayton, Valerie Faris"
103,tt0436697,2012-07-20,2012-07-20,,The Queen,https://www.imdb.com/title/tt0436697/,movie,7.3,103,2006,"Biography, Drama, History",100527,2006-09-02,Stephen Frears
104,tt0375679,2012-07-20,2018-05-18,*** 2006 Best Picture Winner ***,Crash,https://www.imdb.com/title/tt0375679/,movie,7.8,112,2004,"Crime, Drama, Thriller",409286,2004-09-10,Paul Haggis
105,tt0388795,2012-07-20,2012-07-20,,Brokeback Mountain,https://www.imdb.com/title/tt0388795/,movie,7.7,134,2005,"Drama, Romance",310260,2005-09-02,Ang Lee
106,tt0379725,2012-07-20,2012-07-20,,Capote,https://www.imdb.com/title/tt0379725/,movie,7.3,114,2005,"Biography, Crime, Drama, History",120759,2005-09-02,Bennett Miller
107,tt0433383,2012-07-20,2012-07-20,,"Good Night, and Good Luck.",https://www.imdb.com/title/tt0433383/,movie,7.4,93,2005,"Biography, Drama, History",92021,2005-09-01,George Clooney
108,tt0408306,2012-07-20,2012-07-20,,Munich,https://www.imdb.com/title/tt0408306/,movie,7.5,164,2005,"Action, Drama, History, Thriller",204159,2005-12-23,Steven Spielberg
109,tt0405159,2012-07-20,2018-05-18,*** 2005 Best Picture Winner ***,Million Dollar Baby,https://www.imdb.com/title/tt0405159/,movie,8.1,132,2004,"Drama, Sport",608216,2004-12-05,Clint Eastwood
110,tt0338751,2012-07-20,2012-07-20,,The Aviator,https://www.imdb.com/title/tt0338751/,movie,7.5,170,2004,"Biography, Drama",319868,2004-12-14,Martin Scorsese
111,tt0308644,2012-07-20,2012-07-20,,Finding Neverland,https://www.imdb.com/title/tt0308644/,movie,7.7,106,2004,"Biography, Drama, Family",194084,2004-09-04,Marc Forster
112,tt0350258,2012-07-20,2012-07-20,,Ray,https://www.imdb.com/title/tt0350258/,movie,7.7,152,2004,"Biography, Drama, Music",132588,2004-09-12,Taylor Hackford
113,tt0375063,2012-07-20,2012-07-20,,Sideways,https://www.imdb.com/title/tt0375063/,movie,7.5,127,2004,"Comedy, Drama, Romance",173904,2004-09-13,Alexander Payne
114,tt0167260,2012-07-20,2018-05-18,*** 2004 Best Picture Winner ***,The Lord of the Rings: The Return of the King,https://www.imdb.com/title/tt0167260/,movie,8.9,201,2003,"Adventure, Drama, Fantasy",1566684,2003-12-01,Peter Jackson
115,tt0335266,2012-07-20,2012-07-20,,Lost in Translation,https://www.imdb.com/title/tt0335266/,movie,7.7,102,2003,"Drama, Romance",391134,2003-08-29,Sofia Coppola
116,tt0311113,2012-07-20,2012-07-20,,Master and Commander: The Far Side of the World,https://www.imdb.com/title/tt0311113/,movie,7.4,138,2003,"Action, Adventure, Drama, History, War",194462,2003-11-14,Peter Weir
117,tt0327056,2012-07-20,2012-07-20,,Mystic River,https://www.imdb.com/title/tt0327056/,movie,7.9,138,2003,"Crime, Drama, Mystery, Thriller",401896,2003-05-23,Clint Eastwood
118,tt0329575,2012-07-20,2012-07-20,,Seabiscuit,https://www.imdb.com/title/tt0329575/,movie,7.3,140,2003,"Drama, History, Sport",64546,2003-07-22,Gary Ross
119,tt0299658,2012-07-20,2018-05-18,*** 2003 Best Picture Winner ***,Chicago,https://www.imdb.com/title/tt0299658/,movie,7.1,113,2002,"Comedy, Crime, Musical",208153,2002-12-10,Rob Marshall
120,tt0217505,2012-07-20,2012-07-20,,Gangs of New York,https://www.imdb.com/title/tt0217505/,movie,7.5,167,2002,"Crime, Drama",387367,2002-12-09,Martin Scorsese
121,tt0274558,2012-07-20,2012-07-20,,The Hours,https://www.imdb.com/title/tt0274558/,movie,7.5,110,2002,"Drama, Romance",120172,2002-12-15,Stephen Daldry
122,tt0167261,2012-07-20,2012-07-20,,The Lord of the Rings: The Two Towers,https://www.imdb.com/title/tt0167261/,movie,8.7,179,2002,"Adventure, Drama, Fantasy",1414587,2002-12-05,Peter Jackson
123,tt0253474,2012-07-20,2012-07-20,,The Pianist,https://www.imdb.com/title/tt0253474/,movie,8.5,150,2002,"Biography, Drama, Music, War",682976,2002-05-24,Roman Polanski
124,tt0268978,2012-07-20,2018-05-18,*** 2002 Best Picture Winner ***,A Beautiful Mind,https://www.imdb.com/title/tt0268978/,movie,8.2,135,2001,"Biography, Drama",805992,2001-12-13,Ron Howard
125,tt0280707,2012-07-20,2012-07-20,,Gosford Park,https://www.imdb.com/title/tt0280707/,movie,7.2,131,2001,"Comedy, Drama, Mystery",76637,2001-11-07,Robert Altman
126,tt0247425,2012-07-20,2012-07-20,,In the Bedroom,https://www.imdb.com/title/tt0247425/,movie,7.4,130,2001,"Crime, Drama",36359,2001-01-19,Todd Field
127,tt0120737,2012-07-20,2012-07-20,,The Lord of the Rings: The Fellowship of the Ring,https://www.imdb.com/title/tt0120737/,movie,8.8,178,2001,"Action, Adventure, Drama, Fantasy",1578685,2001-12-10,Peter Jackson
128,tt0203009,2012-07-20,2012-07-20,,Moulin Rouge!,https://www.imdb.com/title/tt0203009/,movie,7.6,127,2001,"Drama, Musical, Romance",258677,2001-05-09,Baz Luhrmann
129,tt0172495,2012-07-20,2018-05-18,*** 2001 Best Picture Winner ***,Gladiator,https://www.imdb.com/title/tt0172495/,movie,8.5,155,2000,"Action, Adventure, Drama",1272989,2000-05-01,Ridley Scott
130,tt0241303,2012-07-20,2012-07-20,,Chocolat,https://www.imdb.com/title/tt0241303/,movie,7.2,121,2000,"Drama, Romance",172550,2000-12-15,Lasse Hallström
131,tt0190332,2012-07-20,2012-07-20,,Wo hu cang long,https://www.imdb.com/title/tt0190332/,movie,7.8,120,2000,"Action, Adventure, Fantasy, Romance",245838,2000-05-18,Ang Lee
132,tt0195685,2012-07-20,2012-07-20,,Erin Brockovich,https://www.imdb.com/title/tt0195685/,movie,7.3,131,2000,"Biography, Drama",165840,2000-03-14,Steven Soderbergh
133,tt0181865,2012-07-20,2012-07-20,,Traffic,https://www.imdb.com/title/tt0181865/,movie,7.6,147,2000,"Crime, Drama, Thriller",190199,2000-12-06,Steven Soderbergh
134,tt0169547,2012-07-20,2018-05-18,*** 2000 Best Picture Winner ***,American Beauty,https://www.imdb.com/title/tt0169547/,movie,8.3,122,1999,Drama,1026686,1999-09-08,Sam Mendes
135,tt0124315,2012-07-20,2012-07-20,,The Cider House Rules,https://www.imdb.com/title/tt0124315/,movie,7.4,126,1999,"Drama, Romance",90374,1999-09-07,Lasse Hallström
136,tt0120689,2012-07-20,2012-07-20,,The Green Mile,https://www.imdb.com/title/tt0120689/,movie,8.6,189,1999,"Crime, Drama, Fantasy, Mystery",1076560,1999-12-06,Frank Darabont
137,tt0140352,2012-07-20,2012-07-20,,The Insider,https://www.imdb.com/title/tt0140352/,movie,7.8,157,1999,"Biography, Drama, Thriller",154126,1999-10-28,Michael Mann
138,tt0167404,2012-07-20,2012-07-20,,The Sixth Sense,https://www.imdb.com/title/tt0167404/,movie,8.1,107,1999,"Drama, Mystery, Thriller",875265,1999-08-02,M. Night Shyamalan
139,tt0138097,2012-07-20,2018-05-18,*** 1999 Best Picture Winner ***,Shakespeare in Love,https://www.imdb.com/title/tt0138097/,movie,7.1,123,1998,"Comedy, Drama, History, Romance",207437,1998-12-03,John Madden
140,tt0127536,2012-07-20,2012-07-20,,Elizabeth,https://www.imdb.com/title/tt0127536/,movie,7.4,124,1998,"Biography, Drama, History",88748,1998-09-08,Shekhar Kapur
141,tt0118799,2012-07-20,2012-07-20,,La vita è bella,https://www.imdb.com/title/tt0118799/,movie,8.6,116,1997,"Comedy, Drama, Romance, War",585512,1997-12-20,Roberto Benigni
142,tt0120815,2012-07-20,2012-07-20,,Saving Private Ryan,https://www.imdb.com/title/tt0120815/,movie,8.6,169,1998,"Drama, War",1169736,1998-07-21,Steven Spielberg
143,tt0120863,2012-07-20,2012-07-20,,The Thin Red Line,https://www.imdb.com/title/tt0120863/,movie,7.6,170,1998,"Drama, War",165642,1998-12-22,Terrence Malick
144,tt0120338,2012-07-20,2019-02-25,*** 1998 Best Picture Winner ***,Titanic,https://www.imdb.com/title/tt0120338/,movie,7.8,194,1997,"Drama, Romance",998129,1997-11-01,James Cameron
145,tt0119822,2012-07-20,2012-07-20,,As Good as It Gets,https://www.imdb.com/title/tt0119822/,movie,7.7,139,1997,"Comedy, Drama, Romance",263616,1997-12-06,James L. Brooks
146,tt0119164,2012-07-20,2012-07-20,,The Full Monty,https://www.imdb.com/title/tt0119164/,movie,7.2,91,1997,"Comedy, Drama",95420,1997-08-13,Peter Cattaneo
147,tt0119217,2012-07-20,2012-07-20,,Good Will Hunting,https://www.imdb.com/title/tt0119217/,movie,8.3,126,1997,"Drama, Romance",810144,1997-12-02,Gus Van Sant
148,tt0119488,2012-07-20,2012-07-20,,L.A. Confidential,https://www.imdb.com/title/tt0119488/,movie,8.2,138,1997,"Crime, Drama, Mystery, Thriller",510543,1997-05-14,Curtis Hanson
149,tt0116209,2012-07-20,2019-02-25,*** 1997 Best Picture Winner ***,The English Patient,https://www.imdb.com/title/tt0116209/,movie,7.4,162,1996,"Drama, Romance, War",171701,1996-10-31,Anthony Minghella
150,tt0116282,2012-07-20,2012-07-20,,Fargo,https://www.imdb.com/title/tt0116282/,movie,8.1,98,1996,"Crime, Drama, Thriller",585644,1996-03-08,"Ethan Coen, Joel Coen"
151,tt0116695,2012-07-20,2012-07-20,,Jerry Maguire,https://www.imdb.com/title/tt0116695/,movie,7.3,139,1996,"Comedy, Drama, Romance, Sport",230957,1996-12-06,Cameron Crowe
152,tt0117589,2012-07-20,2012-07-20,,Secrets & Lies,https://www.imdb.com/title/tt0117589/,movie,8.0,136,1996,"Comedy, Drama",35086,1996-05-10,Mike Leigh
153,tt0117631,2012-07-20,2012-07-20,,Shine,https://www.imdb.com/title/tt0117631/,movie,7.7,105,1996,"Biography, Drama, Music, Romance",49720,1996-01-21,Scott Hicks
154,tt0112573,2012-07-20,2019-02-25,*** 1996 Best Picture Winner ***,Braveheart,https://www.imdb.com/title/tt0112573/,movie,8.3,178,1995,"Biography, Drama, History, War",923200,1995-05-18,Mel Gibson
155,tt0112384,2012-07-20,2012-07-20,,Apollo 13,https://www.imdb.com/title/tt0112384/,movie,7.6,140,1995,"Adventure, Drama, History",255530,1995-06-22,Ron Howard
156,tt0112431,2012-07-20,2012-07-20,,Babe,https://www.imdb.com/title/tt0112431/,movie,6.7,91,1995,"Comedy, Drama, Family",112489,1995-08-04,Chris Noonan
157,tt0110877,2012-07-20,2012-07-20,,Il postino,https://www.imdb.com/title/tt0110877/,movie,7.7,108,1994,"Biography, Comedy, Drama, Romance",31834,1994-09-01,"Massimo Troisi, Michael Radford"
158,tt0114388,2012-07-20,2012-07-20,,Sense and Sensibility,https://www.imdb.com/title/tt0114388/,movie,7.6,136,1995,"Drama, Romance",96682,1995-12-04,Ang Lee
159,tt0109830,2012-07-20,2019-02-25,*** 1995 Best Picture Winner ***,Forrest Gump,https://www.imdb.com/title/tt0109830/,movie,8.8,142,1994,"Drama, Romance",1702374,1994-06-23,Robert Zemeckis
160,tt0109831,2012-07-20,2012-07-20,,Four Weddings and a Funeral,https://www.imdb.com/title/tt0109831/,movie,7.0,117,1994,"Comedy, Drama, Romance",132336,1994-01-20,Mike Newell
161,tt0110912,2012-07-20,2012-07-20,,Pulp Fiction,https://www.imdb.com/title/tt0110912/,movie,8.9,154,1994,"Crime, Drama",1732699,1994-05-21,Quentin Tarantino
162,tt0110932,2012-07-20,2012-07-20,,Quiz Show,https://www.imdb.com/title/tt0110932/,movie,7.5,133,1994,"Biography, Drama, History",62460,1994-09-23,Robert Redford
163,tt0111161,2012-07-20,2012-07-20,,The Shawshank Redemption,https://www.imdb.com/title/tt0111161/,movie,9.3,142,1994,Drama,2205714,1994-09-10,Frank Darabont
164,tt0108052,2012-07-20,2019-02-25,*** 1994 Best Picture Winner ***,Schindler's List,https://www.imdb.com/title/tt0108052/,movie,8.9,195,1993,"Biography, Drama, History",1150645,1993-11-30,Steven Spielberg
165,tt0106977,2012-07-20,2012-07-20,,The Fugitive,https://www.imdb.com/title/tt0106977/,movie,7.8,130,1993,"Action, Crime, Drama, Mystery, Thriller",254945,1993-07-29,Andrew Davis
166,tt0107207,2012-07-20,2012-07-20,,In the Name of the Father,https://www.imdb.com/title/tt0107207/,movie,8.1,133,1993,"Biography, Drama",147872,1993-12-12,Jim Sheridan
167,tt0107822,2012-07-20,2012-07-20,,The Piano,https://www.imdb.com/title/tt0107822/,movie,7.6,121,1993,"Drama, Music, Romance",75648,1993-05-15,Jane Campion
168,tt0107943,2012-07-20,2012-07-20,,The Remains of the Day,https://www.imdb.com/title/tt0107943/,movie,7.8,134,1993,"Drama, Romance",61267,1993-10-25,James Ivory
169,tt0105695,2012-07-20,2019-02-25,*** 1993 Best Picture Winner ***,Unforgiven,https://www.imdb.com/title/tt0105695/,movie,8.2,130,1992,"Drama, Western",356718,1992-08-03,Clint Eastwood
170,tt0104036,2012-07-20,2012-07-20,,The Crying Game,https://www.imdb.com/title/tt0104036/,movie,7.2,112,1992,"Crime, Drama, Romance, Thriller",49007,1992-09-02,Neil Jordan
171,tt0104257,2012-07-20,2012-07-20,,A Few Good Men,https://www.imdb.com/title/tt0104257/,movie,7.7,138,1992,"Drama, Thriller",223155,1992-12-02,Rob Reiner
172,tt0104454,2012-07-20,2012-07-20,,Howards End,https://www.imdb.com/title/tt0104454/,movie,7.4,142,1992,"Drama, Romance",27157,1992-02-27,James Ivory
173,tt0105323,2012-07-20,2012-07-20,,Scent of a Woman,https://www.imdb.com/title/tt0105323/,movie,8.0,156,1992,Drama,244258,1992-12-23,Martin Brest
174,tt0102926,2012-07-20,2019-02-25,*** 1992 Best Picture Winner ***,The Silence of the Lambs,https://www.imdb.com/title/tt0102926/,movie,8.6,118,1991,"Crime, Drama, Thriller",1197120,1991-01-30,Jonathan Demme
175,tt0101414,2012-07-20,2012-07-20,,Beauty and the Beast,https://www.imdb.com/title/tt0101414/,movie,8.0,84,1991,"Animation, Family, Fantasy, Musical, Romance",403620,1991-09-29,"Gary Trousdale, Kirk Wise"
176,tt0101516,2012-07-20,2012-07-20,,Bugsy,https://www.imdb.com/title/tt0101516/,movie,6.8,136,1991,"Biography, Crime, Drama",24753,1991-12-10,Barry Levinson
177,tt0102138,2012-07-20,2012-07-20,,JFK,https://www.imdb.com/title/tt0102138/,movie,8.0,189,1991,"Drama, History, Thriller",135240,1991-12-19,Oliver Stone
178,tt0102713,2012-07-20,2012-07-20,,The Prince of Tides,https://www.imdb.com/title/tt0102713/,movie,6.7,132,1991,"Drama, Romance",15239,1991-12-25,Barbra Streisand
179,tt0099348,2012-07-20,2019-02-25,*** 1991 Best Picture Winner ***,Dances with Wolves,https://www.imdb.com/title/tt0099348/,movie,8.0,181,1990,"Adventure, Drama, Western",229593,1990-10-19,Kevin Costner
180,tt0099077,2012-07-20,2012-07-20,,Awakenings,https://www.imdb.com/title/tt0099077/,movie,7.8,121,1990,"Biography, Drama",117053,1990-12-12,Penny Marshall
181,tt0099653,2012-07-20,2012-07-20,,Ghost,https://www.imdb.com/title/tt0099653/,movie,7.0,127,1990,"Drama, Fantasy, Romance, Thriller",187456,1990-07-13,Jerry Zucker
182,tt0099674,2012-07-20,2012-07-20,,The Godfather: Part III,https://www.imdb.com/title/tt0099674/,movie,7.6,162,1990,"Crime, Drama",339359,1990-12-12,Francis Ford Coppola
183,tt0099685,2012-07-20,2012-07-20,,Goodfellas,https://www.imdb.com/title/tt0099685/,movie,8.7,146,1990,"Biography, Crime, Drama",960381,1990-09-09,Martin Scorsese
184,tt0097239,2012-07-20,2019-02-25,*** 1990 Best Picture Winner ***,Driving Miss Daisy,https://www.imdb.com/title/tt0097239/,movie,7.4,99,1989,Drama,93752,1989-12-11,Bruce Beresford
185,tt0096969,2012-07-20,2012-07-20,,Born on the Fourth of July,https://www.imdb.com/title/tt0096969/,movie,7.2,145,1989,"Biography, Drama, War",93284,1989-12-20,Oliver Stone
186,tt0097165,2012-07-20,2012-07-20,,Dead Poets Society,https://www.imdb.com/title/tt0097165/,movie,8.1,128,1989,"Comedy, Drama",394992,1989-06-02,Peter Weir
187,tt0097351,2012-07-20,2012-07-20,,Field of Dreams,https://www.imdb.com/title/tt0097351/,movie,7.5,107,1989,"Drama, Family, Fantasy, Sport",103426,1989-04-21,Phil Alden Robinson
188,tt0097937,2012-07-20,2012-07-20,,My Left Foot: The Story of Christy Brown,https://www.imdb.com/title/tt0097937/,movie,7.9,103,1989,"Biography, Drama",63932,1989-02-24,Jim Sheridan
189,tt0095953,2012-07-20,2019-02-25,*** 1989 Best Picture Winner ***,Rain Man,https://www.imdb.com/title/tt0095953/,movie,8.0,133,1988,Drama,455780,1988-12-12,Barry Levinson
190,tt0094606,2012-07-20,2012-07-20,,The Accidental Tourist,https://www.imdb.com/title/tt0094606/,movie,6.8,121,1988,"Drama, Romance",14228,1988-12-23,Lawrence Kasdan
191,tt0094947,2012-07-20,2012-07-20,,Dangerous Liaisons,https://www.imdb.com/title/tt0094947/,movie,7.6,119,1988,"Drama, Romance",61867,1988-12-11,Stephen Frears
192,tt0095647,2012-07-20,2012-07-20,,Mississippi Burning,https://www.imdb.com/title/tt0095647/,movie,7.8,128,1988,"Crime, Drama, History, Mystery, Thriller",82637,1988-12-02,Alan Parker
193,tt0096463,2012-07-20,2012-07-20,,Working Girl,https://www.imdb.com/title/tt0096463/,movie,6.8,113,1988,"Comedy, Drama, Romance",49482,1988-12-20,Mike Nichols
194,tt0093389,2012-07-20,2019-02-25,*** 1988 Best Picture Winner ***,The Last Emperor,https://www.imdb.com/title/tt0093389/,movie,7.7,163,1987,"Biography, Drama, History",88887,1987-10-04,Bernardo Bertolucci
195,tt0092699,2012-07-20,2012-07-20,,Broadcast News,https://www.imdb.com/title/tt0092699/,movie,7.2,133,1987,"Comedy, Drama, Romance",25628,1987-12-13,James L. Brooks
196,tt0093010,2012-07-20,2012-07-20,,Fatal Attraction,https://www.imdb.com/title/tt0093010/,movie,6.9,119,1987,"Drama, Thriller",71472,1987-09-16,Adrian Lyne
197,tt0093209,2012-07-20,2012-07-20,,Hope and Glory,https://www.imdb.com/title/tt0093209/,movie,7.3,113,1987,"Comedy, Drama, Romance",11922,1987-08-21,John Boorman
198,tt0093565,2012-07-20,2012-07-20,,Moonstruck,https://www.imdb.com/title/tt0093565/,movie,7.1,102,1987,"Comedy, Drama, Romance",46331,1987-12-01,Norman Jewison
199,tt0091763,2012-07-20,2019-02-25,*** 1987 Best Picture Winner ***,Platoon,https://www.imdb.com/title/tt0091763/,movie,8.1,120,1986,"Drama, War",365185,1986-12-19,Oliver Stone
200,tt0090830,2012-07-20,2012-07-20,,Children of a Lesser God,https://www.imdb.com/title/tt0090830/,movie,7.2,119,1986,"Drama, Romance",14262,1986-09-13,Randa Haines
201,tt0091167,2012-07-20,2012-07-20,,Hannah and Her Sisters,https://www.imdb.com/title/tt0091167/,movie,7.9,107,1986,"Comedy, Drama",64008,1986-01-25,Woody Allen
202,tt0091530,2012-07-20,2012-07-20,,The Mission,https://www.imdb.com/title/tt0091530/,movie,7.4,125,1986,"Adventure, Drama, History",53321,1986-05-16,Roland Joffé
203,tt0091867,2012-07-20,2012-07-20,,A Room with a View,https://www.imdb.com/title/tt0091867/,movie,7.3,117,1985,"Drama, Romance",37401,1985-12-13,James Ivory
204,tt0089755,2012-07-20,2019-02-25,*** 1986 Best Picture Winner ***,Out of Africa,https://www.imdb.com/title/tt0089755/,movie,7.2,161,1985,"Biography, Drama, Romance",67983,1985-12-10,Sydney Pollack
205,tt0088939,2012-07-20,2012-07-20,,The Color Purple,https://www.imdb.com/title/tt0088939/,movie,7.8,154,1985,Drama,74164,1985-12-16,Steven Spielberg
206,tt0089424,2012-07-20,2012-07-20,,Kiss of the Spider Woman,https://www.imdb.com/title/tt0089424/,movie,7.4,120,1985,Drama,13502,1985-05-13,Hector Babenco
207,tt0089841,2012-07-20,2012-07-20,,Prizzi's Honor,https://www.imdb.com/title/tt0089841/,movie,6.7,130,1985,"Comedy, Crime, Drama, Romance",21801,1985-06-13,John Huston
208,tt0090329,2012-07-20,2012-07-20,,Witness,https://www.imdb.com/title/tt0090329/,movie,7.4,112,1985,"Crime, Drama, Romance, Thriller",81797,1985-02-07,Peter Weir
209,tt0086879,2012-07-20,2012-07-20,&#9733 1985 Best Picture Winner &#9733,Amadeus,https://www.imdb.com/title/tt0086879/,movie,8.3,160,1984,"Biography, Drama, History, Music",352037,1984-09-06,Milos Forman
210,tt0087553,2012-07-20,2012-07-20,,The Killing Fields,https://www.imdb.com/title/tt0087553/,movie,7.8,141,1984,"Biography, Drama, History, War",49248,1984-11-02,Roland Joffé
211,tt0087892,2012-07-20,2012-07-20,,A Passage to India,https://www.imdb.com/title/tt0087892/,movie,7.3,164,1984,"Adventure, Drama, History",16200,1984-12-14,David Lean
212,tt0087921,2012-07-20,2012-07-20,,Places in the Heart,https://www.imdb.com/title/tt0087921/,movie,7.3,111,1984,Drama,9760,1984-09-11,Robert Benton
213,tt0088146,2012-07-20,2012-07-20,,A Soldier's Story,https://www.imdb.com/title/tt0088146/,movie,7.2,101,1984,"Crime, Drama, Mystery, War",8389,1984-09-13,Norman Jewison
214,tt0086425,2012-07-20,2012-07-20,&#9733 1984 Best Picture Winner &#9733,Terms of Endearment,https://www.imdb.com/title/tt0086425/,movie,7.4,132,1983,"Comedy, Drama",51983,1983-11-20,James L. Brooks
215,tt0085244,2012-07-20,2012-07-20,,The Big Chill,https://www.imdb.com/title/tt0085244/,movie,7.2,105,1983,"Comedy, Drama",31265,1983-09-09,Lawrence Kasdan
216,tt0085461,2012-07-20,2012-07-20,,The Dresser,https://www.imdb.com/title/tt0085461/,movie,7.6,118,1983,Drama,4553,1983-12-06,Peter Yates
217,tt0086197,2012-07-20,2012-07-20,,The Right Stuff,https://www.imdb.com/title/tt0086197/,movie,7.8,193,1983,"Adventure, Biography, Drama, History",53959,1983-10-21,Philip Kaufman
218,tt0086423,2012-07-20,2012-07-20,,Tender Mercies,https://www.imdb.com/title/tt0086423/,movie,7.4,92,1983,"Drama, Music",8833,1983-03-04,Bruce Beresford
219,tt0083987,2012-07-20,2012-07-20,&#9733 1983 Best Picture Winner &#9733,Gandhi,https://www.imdb.com/title/tt0083987/,movie,8.0,191,1982,"Biography, Drama, History",211955,1982-11-30,Richard Attenborough
220,tt0083866,2012-07-20,2012-07-20,,E.T. the Extra-Terrestrial,https://www.imdb.com/title/tt0083866/,movie,7.8,115,1982,"Family, Sci-Fi",352928,1982-05-26,Steven Spielberg
221,tt0084335,2012-07-20,2012-07-20,,Missing,https://www.imdb.com/title/tt0084335/,movie,7.7,122,1982,"Biography, Drama, History, Mystery, Thriller",17534,1982-02-12,Costa-Gavras
222,tt0084805,2012-07-20,2012-07-20,,Tootsie,https://www.imdb.com/title/tt0084805/,movie,7.4,116,1982,"Comedy, Drama, Romance",93047,1982-12-01,Sydney Pollack
223,tt0084855,2012-07-20,2012-07-20,,The Verdict,https://www.imdb.com/title/tt0084855/,movie,7.7,129,1982,Drama,33821,1982-12-07,Sidney Lumet
224,tt0082158,2012-07-20,2012-07-20,&#9733 1982 Best Picture Winner &#9733,Chariots of Fire,https://www.imdb.com/title/tt0082158/,movie,7.2,125,1981,"Biography, Drama, Sport",51601,1981-03-30,Hugh Hudson
225,tt0080388,2012-07-20,2012-07-20,,"Atlantic City, USA",https://www.imdb.com/title/tt0080388/,movie,7.3,104,1980,"Crime, Drama, Romance",14090,1980-09-02,Louis Malle
226,tt0082846,2012-07-20,2012-07-20,,On Golden Pond,https://www.imdb.com/title/tt0082846/,movie,7.6,109,1981,Drama,26316,1981-11-18,Mark Rydell
227,tt0082971,2012-07-20,2012-07-20,,Raiders of the Lost Ark,https://www.imdb.com/title/tt0082971/,movie,8.4,115,1981,"Action, Adventure",844956,1981-06-12,Steven Spielberg
228,tt0082979,2012-07-20,2012-07-20,,Reds,https://www.imdb.com/title/tt0082979/,movie,7.3,195,1981,"Biography, Drama, History, Romance",19749,1981-12-03,Warren Beatty
229,tt0081283,2012-07-20,2012-07-20,&#9733 1981 Best Picture Winner &#9733,Ordinary People,https://www.imdb.com/title/tt0081283/,movie,7.7,124,1980,Drama,44273,1980-09-19,Robert Redford
230,tt0080549,2012-07-20,2012-07-20,,Coal Miner's Daughter,https://www.imdb.com/title/tt0080549/,movie,7.5,124,1980,"Biography, Drama, Music",15849,1980-03-07,Michael Apted
231,tt0080678,2012-07-20,2012-07-20,,The Elephant Man,https://www.imdb.com/title/tt0080678/,movie,8.1,124,1980,"Biography, Drama",208286,1980-10-02,David Lynch
232,tt0081398,2012-07-20,2012-07-20,,Raging Bull,https://www.imdb.com/title/tt0081398/,movie,8.2,129,1980,"Biography, Drama, Sport",304555,1980-11-13,Martin Scorsese
233,tt0080009,2012-07-20,2012-07-20,,Tess,https://www.imdb.com/title/tt0080009/,movie,7.3,170,1979,"Drama, Romance",14295,1979-10-25,Roman Polanski
234,tt0079417,2012-07-20,2012-07-20,&#9733 1980 Best Picture Winner &#9733,Kramer vs. Kramer,https://www.imdb.com/title/tt0079417/,movie,7.8,105,1979,Drama,125059,1979-12-17,Robert Benton
235,tt0078754,2012-07-20,2012-07-20,,All That Jazz,https://www.imdb.com/title/tt0078754/,movie,7.9,123,1979,"Drama, Music, Musical",25921,1979-12-16,Bob Fosse
236,tt0078788,2012-07-20,2012-07-20,,Apocalypse Now,https://www.imdb.com/title/tt0078788/,movie,8.4,147,1979,"Drama, Mystery, War",574724,1979-05-19,Francis Ford Coppola
237,tt0078902,2012-07-20,2012-07-20,,Breaking Away,https://www.imdb.com/title/tt0078902/,movie,7.7,101,1979,"Comedy, Drama, Romance, Sport",20735,1979-07-13,Peter Yates
238,tt0079638,2012-07-20,2012-07-20,,Norma Rae,https://www.imdb.com/title/tt0079638/,movie,7.3,114,1979,Drama,9825,1979-03-02,Martin Ritt
239,tt0077416,2012-07-20,2012-07-20,&#9733 1979 Best Picture Winner &#9733,The Deer Hunter,https://www.imdb.com/title/tt0077416/,movie,8.1,183,1978,"Drama, War",296345,1978-12-08,Michael Cimino
240,tt0077362,2012-07-20,2012-07-20,,Coming Home,https://www.imdb.com/title/tt0077362/,movie,7.3,127,1978,"Drama, Romance, War",11736,1978-02-15,Hal Ashby
241,tt0077663,2012-07-20,2012-07-20,,Heaven Can Wait,https://www.imdb.com/title/tt0077663/,movie,6.9,101,1978,"Comedy, Fantasy, Romance, Sport",17575,1978-06-28,"Warren Beatty, Buck Henry"
242,tt0077928,2012-07-20,2012-07-20,,Midnight Express,https://www.imdb.com/title/tt0077928/,movie,7.6,121,1978,"Biography, Crime, Drama, Thriller",69190,1978-05-18,Alan Parker
243,tt0078444,2012-07-20,2012-07-20,,An Unmarried Woman,https://www.imdb.com/title/tt0078444/,movie,7.1,124,1978,"Comedy, Drama, Romance",4278,1978-03-05,Paul Mazursky
244,tt0075686,2012-07-20,2012-07-20,&#9733 1978 Best Picture Winner &#9733,Annie Hall,https://www.imdb.com/title/tt0075686/,movie,8.0,93,1977,"Comedy, Romance",243377,1977-03-27,Woody Allen
245,tt0076095,2012-07-20,2012-07-20,,The Goodbye Girl,https://www.imdb.com/title/tt0076095/,movie,7.4,111,1977,"Comedy, Drama, Romance",11838,1977-11-27,Herbert Ross
246,tt0076245,2012-07-20,2012-07-20,,Julia,https://www.imdb.com/title/tt0076245/,movie,7.2,117,1977,Drama,8327,1977-10-02,Fred Zinnemann
247,tt0076759,2012-07-20,2012-07-20,,Star Wars,https://www.imdb.com/title/tt0076759/,movie,8.6,121,1977,"Action, Adventure, Fantasy, Sci-Fi",1177921,1977-05-25,George Lucas
248,tt0076843,2012-07-20,2012-07-20,,The Turning Point,https://www.imdb.com/title/tt0076843/,movie,6.9,119,1977,"Drama, Romance",4047,1977-11-14,Herbert Ross
249,tt0075148,2012-07-20,2012-07-20,&#9733 1977 Best Picture Winner &#9733,Rocky,https://www.imdb.com/title/tt0075148/,movie,8.1,120,1976,"Drama, Sport",493635,1976-11-20,John G. Avildsen
250,tt0074119,2012-07-20,2012-07-20,,All the President's Men,https://www.imdb.com/title/tt0074119/,movie,8.0,138,1976,"Biography, Drama, History, Thriller",96924,1976-04-04,Alan J. Pakula
251,tt0074235,2012-07-20,2012-07-20,,Bound for Glory,https://www.imdb.com/title/tt0074235/,movie,7.3,147,1976,"Biography, Drama, Music",4491,1976-12-05,Hal Ashby
252,tt0074958,2012-07-20,2012-07-20,,Network,https://www.imdb.com/title/tt0074958/,movie,8.1,121,1976,Drama,137590,1976-11-14,Sidney Lumet
253,tt0075314,2012-07-20,2012-07-20,,Taxi Driver,https://www.imdb.com/title/tt0075314/,movie,8.3,114,1976,"Crime, Drama",679667,1976-02-08,Martin Scorsese
254,tt0073486,2012-07-20,2012-07-20,&#9733 1976 Best Picture Winner &#9733,One Flew Over the Cuckoo's Nest,https://www.imdb.com/title/tt0073486/,movie,8.7,133,1975,Drama,869160,1975-11-19,Milos Forman
255,tt0072684,2012-07-20,2012-07-20,,Barry Lyndon,https://www.imdb.com/title/tt0072684/,movie,8.1,185,1975,"Adventure, Drama, History, War",139812,1975-12-11,Stanley Kubrick
256,tt0072890,2012-07-20,2012-07-20,,Dog Day Afternoon,https://www.imdb.com/title/tt0072890/,movie,8.0,125,1975,"Biography, Crime, Drama, Thriller",225537,1975-09-19,Sidney Lumet
257,tt0073195,2012-07-20,2012-07-20,,Jaws,https://www.imdb.com/title/tt0073195/,movie,8.0,124,1975,"Adventure, Drama, Thriller",524661,1975-06-20,Steven Spielberg
258,tt0073440,2012-07-20,2012-07-20,,Nashville,https://www.imdb.com/title/tt0073440/,movie,7.7,160,1975,"Comedy, Drama, Music",22191,1975-06-11,Robert Altman
259,tt0071562,2012-07-20,2012-07-20,&#9733 1975 Best Picture Winner &#9733,The Godfather: Part II,https://www.imdb.com/title/tt0071562/,movie,9.0,202,1974,"Crime, Drama",1064473,1974-12-12,Francis Ford Coppola
260,tt0071315,2012-07-20,2012-07-20,,Chinatown,https://www.imdb.com/title/tt0071315/,movie,8.2,130,1974,"Drama, Mystery, Thriller",278132,1974-06-20,Roman Polanski
261,tt0071360,2012-07-20,2012-07-20,,The Conversation,https://www.imdb.com/title/tt0071360/,movie,7.8,113,1974,"Drama, Mystery, Thriller",91377,1974-04-07,Francis Ford Coppola
262,tt0071746,2012-07-20,2012-07-20,,Lenny,https://www.imdb.com/title/tt0071746/,movie,7.6,111,1974,"Biography, Drama",13692,1974-11-10,Bob Fosse
263,tt0072308,2012-07-20,2012-07-20,,The Towering Inferno,https://www.imdb.com/title/tt0072308/,movie,6.9,165,1974,"Action, Drama, Thriller",37206,1974-12-16,John Guillermin
264,tt0070735,2012-07-20,2012-07-20,&#9733 1974 Best Picture Winner &#9733,The Sting,https://www.imdb.com/title/tt0070735/,movie,8.3,129,1973,"Comedy, Crime, Drama",229984,1973-12-25,George Roy Hill
265,tt0069704,2012-07-20,2012-07-20,,American Graffiti,https://www.imdb.com/title/tt0069704/,movie,7.4,110,1973,"Comedy, Drama",77745,1973-08-01,George Lucas
266,tt0069467,2012-07-20,2012-07-20,,Viskningar och rop,https://www.imdb.com/title/tt0069467/,movie,8.1,91,1972,Drama,27675,1972-12-21,Ingmar Bergman
267,tt0070047,2012-07-20,2012-07-20,,The Exorcist,https://www.imdb.com/title/tt0070047/,movie,8.0,122,1973,Horror,347314,1973-12-26,William Friedkin
268,tt0070819,2012-07-20,2012-07-20,,A Touch of Class,https://www.imdb.com/title/tt0070819/,movie,6.5,106,1973,"Comedy, Romance",2601,1973-05-25,Melvin Frank
269,tt0068646,2012-07-20,2012-07-20,&#9733 1973 Best Picture Winner &#9733,The Godfather,https://www.imdb.com/title/tt0068646/,movie,9.2,175,1972,"Crime, Drama",1519406,1972-03-14,Francis Ford Coppola
270,tt0068327,2012-07-20,2012-07-20,,Cabaret,https://www.imdb.com/title/tt0068327/,movie,7.8,124,1972,"Drama, Musical",45847,1972-02-13,Bob Fosse
271,tt0068473,2012-07-20,2012-07-20,,Deliverance,https://www.imdb.com/title/tt0068473/,movie,7.7,109,1972,"Adventure, Drama, Thriller",94399,1972-07-30,John Boorman
272,tt0067919,2012-07-20,2012-07-20,,Utvandrarna,https://www.imdb.com/title/tt0067919/,movie,8.0,191,1971,"Drama, History",5165,1971-03-08,Jan Troell
273,tt0069303,2012-07-20,2012-07-20,,Sounder,https://www.imdb.com/title/tt0069303/,movie,7.5,105,1972,"Drama, Family",3320,1972-09-24,Martin Ritt
274,tt0067116,2012-07-20,2012-07-20,&#9733 1972 Best Picture Winner &#9733,The French Connection,https://www.imdb.com/title/tt0067116/,movie,7.7,104,1971,"Action, Crime, Drama, Thriller",103996,1971-10-07,William Friedkin
275,tt0066921,2012-07-20,2012-07-20,,A Clockwork Orange,https://www.imdb.com/title/tt0066921/,movie,8.3,136,1971,"Crime, Drama, Sci-Fi",721478,1971-12-19,Stanley Kubrick
276,tt0067093,2012-07-20,2012-07-20,,Fiddler on the Roof,https://www.imdb.com/title/tt0067093/,movie,8.0,181,1971,"Drama, Family, Musical, Romance",36926,1971-10-21,Norman Jewison
277,tt0067328,2012-07-20,2012-07-20,,The Last Picture Show,https://www.imdb.com/title/tt0067328/,movie,8.0,118,1971,"Drama, Romance",39603,1971-10-02,Peter Bogdanovich
278,tt0067483,2012-07-20,2012-07-20,,Nicholas and Alexandra,https://www.imdb.com/title/tt0067483/,movie,7.2,183,1971,"Biography, Drama, History, War",4147,1971-11-29,Franklin J. Schaffner
279,tt0066206,2012-07-20,2012-07-20,&#9733 1971 Best Picture Winner &#9733,Patton,https://www.imdb.com/title/tt0066206/,movie,7.9,172,1970,"Biography, Drama, War",90692,1970-02-04,Franklin J. Schaffner
280,tt0065377,2012-07-20,2012-07-20,,Airport,https://www.imdb.com/title/tt0065377/,movie,6.6,137,1970,"Action, Drama, Thriller",16597,1970-03-05,"George Seaton, Henry Hathaway"
281,tt0065724,2012-07-20,2012-07-20,,Five Easy Pieces,https://www.imdb.com/title/tt0065724/,movie,7.5,98,1970,Drama,31531,1970-09-11,Bob Rafelson
282,tt0066011,2012-07-20,2012-07-20,,Love Story,https://www.imdb.com/title/tt0066011/,movie,6.9,100,1970,"Drama, Romance",28612,1970-12-16,Arthur Hiller
283,tt0066026,2012-07-20,2012-07-20,,MASH,https://www.imdb.com/title/tt0066026/,movie,7.5,116,1970,"Comedy, Drama, War",65216,1970-01-25,Robert Altman
284,tt0064665,2012-07-20,2012-07-20,&#9733 1970 Best Picture Winner &#9733,Midnight Cowboy,https://www.imdb.com/title/tt0064665/,movie,7.8,113,1969,Drama,95611,1969-05-25,John Schlesinger
285,tt0064030,2012-07-20,2012-07-20,,Anne of the Thousand Days,https://www.imdb.com/title/tt0064030/,movie,7.5,145,1969,"Biography, Drama, History",6383,1969-12-18,Charles Jarrott
286,tt0064115,2012-07-20,2012-07-20,,Butch Cassidy and the Sundance Kid,https://www.imdb.com/title/tt0064115/,movie,8.0,110,1969,"Biography, Crime, Drama, Western",194885,1969-09-23,George Roy Hill
287,tt0064418,2012-07-20,2012-07-20,,"Hello, Dolly!",https://www.imdb.com/title/tt0064418/,movie,7.1,146,1969,"Adventure, Comedy, Musical, Romance",12748,1969-12-16,Gene Kelly
288,tt0065234,2012-07-20,2012-07-20,,Z,https://www.imdb.com/title/tt0065234/,movie,8.3,127,1969,"Crime, Drama, History, Thriller",22393,1969-02-26,Costa-Gavras
289,tt0063385,2012-07-20,2012-07-20,&#9733 1969 Best Picture Winner &#9733,Oliver!,https://www.imdb.com/title/tt0063385/,movie,7.4,153,1968,"Drama, Family, Musical",32903,1968-09-26,Carol Reed
290,tt0062994,2012-07-20,2012-07-20,,Funny Girl,https://www.imdb.com/title/tt0062994/,movie,7.4,151,1968,"Biography, Comedy, Drama, Musical, Romance",17737,1968-09-18,William Wyler
291,tt0063227,2012-07-20,2012-07-20,,The Lion in Winter,https://www.imdb.com/title/tt0063227/,movie,7.9,134,1968,"Biography, Drama, History",27871,1968-10-30,Anthony Harvey
292,tt0063483,2012-07-20,2012-07-20,,"Rachel, Rachel",https://www.imdb.com/title/tt0063483/,movie,7.3,101,1968,"Drama, Romance",2826,1968-08-26,Paul Newman
293,tt0063518,2012-07-20,2012-07-20,,Romeo and Juliet,https://www.imdb.com/title/tt0063518/,movie,7.6,138,1968,"Drama, Romance",28272,1968-03-04,Franco Zeffirelli
294,tt0061811,2012-07-20,2012-07-24,&#9733 1968 Best Picture Winner &#9733,In the Heat of the Night,https://www.imdb.com/title/tt0061811/,movie,8.0,110,1967,"Crime, Drama, Mystery, Thriller",63580,1967-08-02,Norman Jewison
295,tt0061418,2012-07-20,2012-07-20,,Bonnie and Clyde,https://www.imdb.com/title/tt0061418/,movie,7.8,111,1967,"Action, Biography, Crime, Drama",97942,1967-08-04,Arthur Penn
296,tt0061584,2012-07-20,2012-07-20,,Doctor Dolittle,https://www.imdb.com/title/tt0061584/,movie,6.2,152,1967,"Adventure, Comedy, Family, Fantasy, Musical, Romance",8132,1967-12-05,Richard Fleischer
297,tt0061722,2012-07-20,2012-07-20,,The Graduate,https://www.imdb.com/title/tt0061722/,movie,8.0,106,1967,"Comedy, Drama, Romance",245140,1967-12-20,Mike Nichols
298,tt0061735,2012-07-20,2012-07-20,,Guess Who's Coming to Dinner,https://www.imdb.com/title/tt0061735/,movie,7.8,108,1967,"Comedy, Drama",36889,1967-12-11,Stanley Kramer
299,tt0060665,2012-07-20,2012-07-20,&#9733 1967 Best Picture Winner &#9733,A Man for All Seasons,https://www.imdb.com/title/tt0060665/,movie,7.7,120,1966,"Biography, Drama, History",29477,1966-12-12,Fred Zinnemann
300,tt0060086,2012-07-20,2012-07-20,,Alfie,https://www.imdb.com/title/tt0060086/,movie,7.1,114,1966,"Comedy, Drama",12941,1966-03-29,Lewis Gilbert
301,tt0060921,2012-07-20,2012-07-20,,The Russians Are Coming the Russians Are Coming,https://www.imdb.com/title/tt0060921/,movie,7.1,126,1966,"Comedy, War",7545,1966-05-25,Norman Jewison
302,tt0060934,2012-07-20,2012-07-20,,The Sand Pebbles,https://www.imdb.com/title/tt0060934/,movie,7.6,182,1966,"Adventure, Drama, Romance, War",12725,1966-12-20,Robert Wise
303,tt0061184,2012-07-20,2012-07-20,,Who's Afraid of Virginia Woolf?,https://www.imdb.com/title/tt0061184/,movie,8.0,131,1966,Drama,66325,1966-06-21,Mike Nichols
304,tt0059742,2012-07-20,2012-07-20,&#9733 1966 Best Picture Winner &#9733,The Sound of Music,https://www.imdb.com/title/tt0059742/,movie,8.0,172,1965,"Biography, Drama, Family, Musical, Romance",193476,1965-03-02,Robert Wise
305,tt0059084,2012-07-20,2012-07-20,,Darling,https://www.imdb.com/title/tt0059084/,movie,7.1,128,1965,"Drama, Romance",5707,1965-07-15,John Schlesinger
306,tt0059113,2012-07-20,2012-07-20,,Doctor Zhivago,https://www.imdb.com/title/tt0059113/,movie,8.0,197,1965,"Drama, Romance, War",66725,1965-12-22,David Lean
307,tt0059712,2012-07-20,2012-07-20,,Ship of Fools,https://www.imdb.com/title/tt0059712/,movie,7.1,149,1965,"Drama, Romance, War",4881,1965-07-29,Stanley Kramer
308,tt0059798,2012-07-20,2012-07-20,,A Thousand Clowns,https://www.imdb.com/title/tt0059798/,movie,7.4,118,1965,"Comedy, Drama, Romance",3044,1965-12-13,Fred Coe
309,tt0058385,2012-07-20,2012-07-20,&#9733 1965 Best Picture Winner &#9733,My Fair Lady,https://www.imdb.com/title/tt0058385/,movie,7.8,170,1964,"Drama, Family, Musical, Romance",82819,1964-10-21,George Cukor
310,tt0057877,2012-07-20,2012-07-20,,Becket,https://www.imdb.com/title/tt0057877/,movie,7.8,148,1964,"Biography, Drama, History",13078,1964-03-11,Peter Glenville
311,tt0057012,2012-07-20,2012-07-20,,Dr. Strangelove or: How I Learned to Stop Worrying and Love the Bomb,https://www.imdb.com/title/tt0057012/,movie,8.4,95,1964,Comedy,430791,1964-01-29,Stanley Kubrick
312,tt0058331,2012-07-20,2012-07-20,,Mary Poppins,https://www.imdb.com/title/tt0058331/,movie,7.8,139,1964,"Comedy, Family, Fantasy, Musical",150436,1964-08-27,Robert Stevenson
313,tt0057831,2012-07-20,2012-07-20,,Alexis Zorbas,https://www.imdb.com/title/tt0057831/,movie,7.7,142,1964,"Comedy, Drama",19555,1964-12-14,Michael Cacoyannis
314,tt0057590,2012-07-20,2012-07-20,&#9733 1964 Best Picture Winner &#9733,Tom Jones,https://www.imdb.com/title/tt0057590/,movie,6.5,129,1963,"Adventure, Comedy, History",10950,1963-06-26,Tony Richardson
315,tt0056825,2012-07-20,2012-07-20,,America America,https://www.imdb.com/title/tt0056825/,movie,7.8,174,1963,Drama,4589,1963-12-15,Elia Kazan
316,tt0056937,2012-07-20,2012-07-20,,Cleopatra,https://www.imdb.com/title/tt0056937/,movie,7.0,192,1963,"Biography, Drama, History, Romance",27698,1963-06-12,Joseph L. Mankiewicz
317,tt0056085,2012-07-20,2012-07-20,,How the West Was Won,https://www.imdb.com/title/tt0056085/,movie,7.1,164,1962,Western,17648,1962-11-01,"George Marshall, John Ford, Henry Hathaway, Richard Thorpe"
318,tt0057251,2012-07-20,2012-07-20,,Lilies of the Field,https://www.imdb.com/title/tt0057251/,movie,7.6,94,1963,Drama,8501,1963-06-30,Ralph Nelson
319,tt0056172,2012-07-20,2012-07-20,&#9733 1963 Best Picture Winner &#9733,Lawrence of Arabia,https://www.imdb.com/title/tt0056172/,movie,8.3,228,1962,"Adventure, Biography, Drama, History, War",253901,1962-12-10,David Lean
320,tt0056197,2012-07-20,2012-07-20,,The Longest Day,https://www.imdb.com/title/tt0056197/,movie,7.8,178,1962,"Action, Drama, History, War",50501,1962-09-25,"Andrew Marton, Ken Annakin, Darryl F. Zanuck, Bernhard Wicki, Gerd Oswald"
321,tt0056262,2012-07-20,2012-07-20,,The Music Man,https://www.imdb.com/title/tt0056262/,movie,7.7,151,1962,"Comedy, Family, Musical, Romance",15275,1962-06-19,Morton DaCosta
322,tt0056264,2012-07-20,2012-07-20,,Mutiny on the Bounty,https://www.imdb.com/title/tt0056264/,movie,7.3,178,1962,"Adventure, Drama, History, Romance",14315,1962-11-08,"Carol Reed, Lewis Milestone"
323,tt0056592,2012-07-20,2012-07-20,,To Kill a Mockingbird,https://www.imdb.com/title/tt0056592/,movie,8.2,129,1962,"Crime, Drama",282623,1962-12-20,Robert Mulligan
324,tt0055614,2012-07-20,2012-07-20,&#9733 1962 Best Picture Winner &#9733,West Side Story,https://www.imdb.com/title/tt0055614/,movie,7.5,153,1961,"Crime, Drama, Musical, Romance",91743,1961-10-18,"Jerome Robbins, Robert Wise"
325,tt0054866,2012-07-20,2012-07-20,,Fanny,https://www.imdb.com/title/tt0054866/,movie,6.9,134,1961,"Drama, Romance",1850,1961-06-28,Joshua Logan
326,tt0054953,2012-07-20,2012-07-20,,The Guns of Navarone,https://www.imdb.com/title/tt0054953/,movie,7.5,158,1961,"Action, Adventure, Drama, War",43538,1961-04-27,J. Lee Thompson
327,tt0054997,2012-07-20,2012-07-20,,The Hustler,https://www.imdb.com/title/tt0054997/,movie,8.0,134,1961,"Drama, Sport",72614,1961-09-24,Robert Rossen
328,tt0055031,2012-07-20,2012-07-20,,Judgment at Nuremberg,https://www.imdb.com/title/tt0055031/,movie,8.2,179,1961,"Drama, War",65022,1961-12-14,Stanley Kramer
329,tt0053604,2012-07-20,2012-07-20,&#9733 1961 Best Picture Winner &#9733,The Apartment,https://www.imdb.com/title/tt0053604/,movie,8.3,125,1960,"Comedy, Drama, Romance",153007,1960-06-15,Billy Wilder
330,tt0053580,2012-07-20,2012-07-20,,The Alamo,https://www.imdb.com/title/tt0053580/,movie,6.9,162,1960,"Adventure, Drama, History, War, Western",13719,1960-10-24,John Wayne
331,tt0053793,2012-07-20,2012-07-20,,Elmer Gantry,https://www.imdb.com/title/tt0053793/,movie,7.8,146,1960,Drama,9717,1960-06-29,Richard Brooks
332,tt0054326,2012-07-20,2012-07-20,,Sons and Lovers,https://www.imdb.com/title/tt0054326/,movie,7.1,103,1960,Drama,1286,1960-05-14,Jack Cardiff
333,tt0054353,2012-07-20,2012-07-20,,The Sundowners,https://www.imdb.com/title/tt0054353/,movie,7.1,133,1960,"Adventure, Drama",3597,1960-12-08,Fred Zinnemann
334,tt0052618,2012-07-20,2012-07-24,&#9733 1960 Best Picture Winner &#9733,Ben-Hur,https://www.imdb.com/title/tt0052618/,movie,8.1,212,1959,"Adventure, Drama, History",209304,1959-11-18,William Wyler
335,tt0052561,2012-07-20,2012-07-20,,Anatomy of a Murder,https://www.imdb.com/title/tt0052561/,movie,8.0,161,1959,"Crime, Drama, Mystery, Thriller",56254,1959-07-01,Otto Preminger
336,tt0052738,2012-07-20,2012-07-20,,The Diary of Anne Frank,https://www.imdb.com/title/tt0052738/,movie,7.4,180,1959,"Biography, Drama, Family, History, War",11535,1959-03-18,George Stevens
337,tt0053131,2012-07-20,2012-07-20,,The Nun's Story,https://www.imdb.com/title/tt0053131/,movie,7.6,149,1959,Drama,8879,1959-06-18,Fred Zinnemann
338,tt0053226,2012-07-20,2012-07-20,,Room at the Top,https://www.imdb.com/title/tt0053226/,movie,7.5,117,1959,"Drama, Romance",4952,1959-01-22,Jack Clayton
339,tt0051658,2012-07-24,2012-07-24,&#9733 1959 Best Picture Winner &#9733,Gigi,https://www.imdb.com/title/tt0051658/,movie,6.7,115,1958,"Comedy, Musical, Romance",18628,1958-05-15,"Charles Walters, Vincente Minnelli"
340,tt0051383,2012-07-24,2012-07-24,,Auntie Mame,https://www.imdb.com/title/tt0051383/,movie,7.9,143,1958,"Comedy, Drama, Romance",9846,1958-12-04,Morton DaCosta
341,tt0051459,2012-07-24,2012-07-24,,Cat on a Hot Tin Roof,https://www.imdb.com/title/tt0051459/,movie,8.0,108,1958,Drama,42586,1958-08-23,Richard Brooks
342,tt0051525,2012-07-24,2012-07-24,,The Defiant Ones,https://www.imdb.com/title/tt0051525/,movie,7.6,96,1958,"Crime, Drama",12667,1958-07-31,Stanley Kramer
343,tt0052182,2012-07-24,2012-07-24,,Separate Tables,https://www.imdb.com/title/tt0052182/,movie,7.4,100,1958,"Drama, Romance",6319,1958-12-18,Delbert Mann
344,tt0050212,2012-07-24,2012-07-24,&#9733 1958 Best Picture Winner &#9733,The Bridge on the River Kwai,https://www.imdb.com/title/tt0050212/,movie,8.1,161,1957,"Adventure, Drama, War",193584,1957-10-02,David Lean
345,tt0050839,2012-07-24,2012-07-24,,Peyton Place,https://www.imdb.com/title/tt0050839/,movie,7.2,157,1957,"Drama, Romance",5053,1957-12-11,Mark Robson
346,tt0050933,2012-07-24,2012-07-24,,Sayonara,https://www.imdb.com/title/tt0050933/,movie,7.1,147,1957,"Drama, Romance",5695,1957-12-05,Joshua Logan
347,tt0050083,2012-07-24,2012-07-24,,12 Angry Men,https://www.imdb.com/title/tt0050083/,movie,8.9,96,1957,Drama,644183,1957-04-10,Sidney Lumet
348,tt0051201,2012-07-24,2012-07-24,,Witness for the Prosecution,https://www.imdb.com/title/tt0051201/,movie,8.4,116,1957,"Crime, Drama, Film-Noir, Mystery, Thriller",99421,1957-12-17,Billy Wilder
349,tt0048960,2012-07-24,2012-07-24,&#9733 1957 Best Picture Winner &#9733,Around the World in 80 Days,https://www.imdb.com/title/tt0048960/,movie,6.8,167,1956,"Adventure, Comedy, Family, Romance",23273,1956-10-17,"John Farrow, Michael Anderson"
350,tt0049233,2012-07-24,2012-07-24,,Friendly Persuasion,https://www.imdb.com/title/tt0049233/,movie,7.4,137,1956,"Drama, Romance, War, Western",6047,1956-10-24,William Wyler
351,tt0049261,2012-07-24,2012-07-24,,Giant,https://www.imdb.com/title/tt0049261/,movie,7.6,201,1956,"Drama, Western",32396,1956-10-10,George Stevens
352,tt0049408,2012-07-24,2012-07-24,,The King and I,https://www.imdb.com/title/tt0049408/,movie,7.4,133,1956,"Biography, Drama, Musical, Romance",22917,1956-06-28,Walter Lang
353,tt0049833,2012-07-24,2012-07-24,,The Ten Commandments,https://www.imdb.com/title/tt0049833/,movie,7.8,220,1956,"Adventure, Drama",59578,1956-10-05,Cecil B. DeMille
354,tt0048356,2012-07-24,2012-07-24,&#9733 1956 Best Picture Winner &#9733,Marty,https://www.imdb.com/title/tt0048356/,movie,7.7,90,1955,"Drama, Romance",20143,1955-04-11,Delbert Mann
355,tt0048316,2012-07-24,2012-07-24,,Love Is a Many-Splendored Thing,https://www.imdb.com/title/tt0048316/,movie,6.5,102,1955,"Biography, Drama, Romance, War",4215,1955-08-18,"Otto Lang, Henry King"
356,tt0048380,2012-07-24,2012-07-24,,Mister Roberts,https://www.imdb.com/title/tt0048380/,movie,7.7,123,1955,"Comedy, Drama, War",14703,1955-07-10,"John Ford, Mervyn LeRoy, Joshua Logan"
357,tt0048491,2012-07-24,2012-07-24,,Picnic,https://www.imdb.com/title/tt0048491/,movie,7.1,115,1955,"Drama, Romance",7550,1955-12-31,Joshua Logan
358,tt0048563,2012-07-24,2012-07-24,,The Rose Tattoo,https://www.imdb.com/title/tt0048563/,movie,7.0,117,1955,"Comedy, Drama, Romance",3367,1955-12-12,Daniel Mann
359,tt0047296,2012-07-24,2012-07-24,&#9733 1955 Best Picture Winner &#9733,On the Waterfront,https://www.imdb.com/title/tt0047296/,movie,8.1,108,1954,"Crime, Drama, Thriller",134328,1954-06-22,Elia Kazan
360,tt0046816,2012-07-24,2012-07-24,,The Caine Mutiny,https://www.imdb.com/title/tt0046816/,movie,7.7,124,1954,"Drama, War",23475,1954-06-24,Edward Dmytryk
361,tt0046874,2012-07-24,2012-07-24,,The Country Girl,https://www.imdb.com/title/tt0046874/,movie,7.3,104,1954,"Drama, Music",5109,1954-12-15,George Seaton
362,tt0047472,2012-07-24,2012-07-24,,Seven Brides for Seven Brothers,https://www.imdb.com/title/tt0047472/,movie,7.4,102,1954,"Comedy, Drama, Musical, Romance, Western",20307,1954-07-15,Stanley Donen
363,tt0047580,2012-07-24,2012-07-24,,Three Coins in the Fountain,https://www.imdb.com/title/tt0047580/,movie,6.3,102,1954,"Drama, Romance",2916,1954-05-20,Jean Negulesco
364,tt0045793,2012-07-24,2012-07-24,&#9733 1954 Best Picture Winner &#9733,From Here to Eternity,https://www.imdb.com/title/tt0045793/,movie,7.6,118,1953,"Drama, Romance, War",40974,1953-08-05,Fred Zinnemann
365,tt0045943,2012-07-24,2012-07-24,,Julius Caesar,https://www.imdb.com/title/tt0045943/,movie,7.3,120,1953,"Biography, Drama, History",9813,1953-05-08,Joseph L. Mankiewicz
366,tt0046247,2012-07-24,2012-07-24,,The Robe,https://www.imdb.com/title/tt0046247/,movie,6.7,135,1953,"Drama, History",8675,1953-09-16,Henry Koster
367,tt0046250,2012-07-24,2012-07-24,,Roman Holiday,https://www.imdb.com/title/tt0046250/,movie,8.0,118,1953,"Comedy, Romance",121493,1953-08-20,William Wyler
368,tt0046303,2012-07-24,2012-07-24,,Shane,https://www.imdb.com/title/tt0046303/,movie,7.6,118,1953,"Drama, Western",35113,1953-04-23,George Stevens
369,tt0044672,2012-07-24,2012-07-24,&#9733 1953 Best Picture Winner &#9733,The Greatest Show on Earth,https://www.imdb.com/title/tt0044672/,movie,6.6,152,1952,"Drama, Family, Romance",12198,1952-01-10,Cecil B. DeMille
370,tt0044706,2012-07-24,2012-07-24,,High Noon,https://www.imdb.com/title/tt0044706/,movie,7.9,85,1952,"Drama, Thriller, Western",93567,1952-05-01,Fred Zinnemann
371,tt0044760,2012-07-24,2012-07-24,,Ivanhoe,https://www.imdb.com/title/tt0044760/,movie,6.8,106,1952,"Adventure, Drama, History, Romance",7770,1952-06-12,Richard Thorpe
372,tt0044926,2012-07-24,2012-07-24,,Moulin Rouge,https://www.imdb.com/title/tt0044926/,movie,7.1,119,1952,"Biography, Drama, Music, Romance",4724,1952-12-23,John Huston
373,tt0045061,2012-07-24,2012-07-24,,The Quiet Man,https://www.imdb.com/title/tt0045061/,movie,7.8,129,1952,"Comedy, Drama, Romance",33016,1952-06-06,John Ford
374,tt0043278,2012-07-24,2012-07-24,&#9733 1952 Best Picture Winner &#9733,An American in Paris,https://www.imdb.com/title/tt0043278/,movie,7.2,114,1951,"Drama, Musical, Romance",28740,1951-08-26,Vincente Minnelli
375,tt0043459,2012-07-24,2012-07-24,,Decision Before Dawn,https://www.imdb.com/title/tt0043459/,movie,7.2,119,1951,"Drama, War",2240,1951-12-21,Anatole Litvak
376,tt0043924,2012-07-24,2012-07-24,,A Place in the Sun,https://www.imdb.com/title/tt0043924/,movie,7.8,122,1951,"Drama, Romance",18944,1951-04-05,George Stevens
377,tt0043949,2012-07-24,2012-07-24,,Quo Vadis,https://www.imdb.com/title/tt0043949/,movie,7.2,171,1951,"Biography, Drama, History, Romance",12854,1951-11-08,"Mervyn LeRoy, Anthony Mann"
378,tt0044081,2012-07-24,2012-07-24,,A Streetcar Named Desire,https://www.imdb.com/title/tt0044081/,movie,8.0,122,1951,Drama,94773,1951-09-09,Elia Kazan
379,tt0042192,2012-07-24,2012-07-24,&#9733 1951 Best Picture Winner &#9733,All About Eve,https://www.imdb.com/title/tt0042192/,movie,8.2,138,1950,Drama,114287,1950-10-13,Joseph L. Mankiewicz
380,tt0042276,2012-07-24,2012-07-24,,Born Yesterday,https://www.imdb.com/title/tt0042276/,movie,7.6,103,1950,"Comedy, Drama, Romance",9444,1950-12-25,George Cukor
381,tt0042451,2012-07-24,2012-07-24,,Father of the Bride,https://www.imdb.com/title/tt0042451/,movie,7.2,92,1950,"Comedy, Romance",9551,1950-05-18,Vincente Minnelli
382,tt0042646,2012-07-24,2012-07-24,,King Solomon's Mines,https://www.imdb.com/title/tt0042646/,movie,6.8,103,1950,"Action, Adventure, Romance",5432,1950-11-09,"Compton Bennett, Andrew Marton"
383,tt0043014,2012-07-24,2012-07-24,,Sunset Blvd.,https://www.imdb.com/title/tt0043014/,movie,8.4,110,1950,"Drama, Film-Noir",188949,1950-08-10,Billy Wilder
384,tt0041113,2012-07-24,2012-07-24,&#9733 1950 Best Picture Winner &#9733,All the King's Men,https://www.imdb.com/title/tt0041113/,movie,7.5,110,1949,"Drama, Film-Noir",12502,1949-11-08,Robert Rossen
385,tt0041163,2012-07-24,2012-07-24,,Battleground,https://www.imdb.com/title/tt0041163/,movie,7.4,118,1949,"Action, Drama, History, War",6302,1949-11-09,William A. Wellman
386,tt0041452,2012-07-24,2012-07-24,,The Heiress,https://www.imdb.com/title/tt0041452/,movie,8.2,115,1949,"Drama, Romance",12490,1949-10-06,William Wyler
387,tt0041587,2012-07-24,2012-07-24,,A Letter to Three Wives,https://www.imdb.com/title/tt0041587/,movie,7.8,103,1949,"Drama, Romance",8022,1949-01-20,Joseph L. Mankiewicz
388,tt0041996,2012-07-24,2012-07-24,,Twelve O'Clock High,https://www.imdb.com/title/tt0041996/,movie,7.7,132,1949,"Drama, War",11749,1949-12-21,Henry King
389,tt0040416,2012-07-27,2012-07-27,&#9733 1949 Best Picture Winner &#9733,Hamlet,https://www.imdb.com/title/tt0040416/,movie,7.6,154,1948,Drama,14461,1948-05-06,Laurence Olivier
390,tt0040495,2012-07-27,2012-07-27,,Johnny Belinda,https://www.imdb.com/title/tt0040495/,movie,7.7,102,1948,Drama,4066,1948-09-14,Jean Negulesco
391,tt0040725,2012-07-27,2012-07-27,,The Red Shoes,https://www.imdb.com/title/tt0040725/,movie,8.1,135,1948,"Drama, Music, Romance",28096,1948-07-22,"Michael Powell, Emeric Pressburger"
392,tt0040806,2012-07-27,2012-07-27,,The Snake Pit,https://www.imdb.com/title/tt0040806/,movie,7.6,108,1948,"Drama, Mystery",6294,1948-11-04,Anatole Litvak
393,tt0040897,2012-07-27,2012-07-27,,The Treasure of the Sierra Madre,https://www.imdb.com/title/tt0040897/,movie,8.2,126,1948,"Adventure, Drama, Western",108146,1948-01-14,John Huston
394,tt0039416,2012-07-27,2012-07-27,&#9733 1948 Best Picture Winner &#9733,Gentleman's Agreement,https://www.imdb.com/title/tt0039416/,movie,7.2,118,1947,"Drama, Romance",14044,1947-11-11,Elia Kazan
395,tt0039190,2012-07-27,2012-07-27,,The Bishop's Wife,https://www.imdb.com/title/tt0039190/,movie,7.6,109,1947,"Comedy, Drama, Fantasy, Romance",13345,1947-11-25,Henry Koster
396,tt0039286,2012-07-27,2012-07-27,,Crossfire,https://www.imdb.com/title/tt0039286/,movie,7.3,86,1947,"Crime, Drama, Film-Noir, Mystery",6905,1947-07-22,Edward Dmytryk
397,tt0038574,2012-07-27,2012-07-27,,Great Expectations,https://www.imdb.com/title/tt0038574/,movie,7.8,118,1946,"Adventure, Drama, Mystery, Romance",21019,1946-12-16,David Lean
398,tt0039628,2012-07-27,2012-07-27,,Miracle on 34th Street,https://www.imdb.com/title/tt0039628/,movie,7.9,96,1947,"Comedy, Drama, Family",38573,1947-06-04,George Seaton
399,tt0036868,2012-07-27,2012-07-27,&#9733 1947 Best Picture Winner &#9733,The Best Years of Our Lives,https://www.imdb.com/title/tt0036868/,movie,8.0,170,1946,"Drama, Romance, War",55097,1946-11-21,William Wyler
400,tt0036910,2012-07-27,2012-07-27,,The Chronicle History of King Henry the Fifth with His Battell Fought at Agincourt in France,https://www.imdb.com/title/tt0036910/,movie,7.1,137,1944,"Biography, Drama, History, War",5458,1944-11-22,Laurence Olivier
401,tt0038650,2012-07-27,2012-07-27,,It's a Wonderful Life,https://www.imdb.com/title/tt0038650/,movie,8.6,130,1946,"Drama, Family, Fantasy",378259,1946-12-20,Frank Capra
402,tt0038873,2012-07-27,2012-07-27,,The Razor's Edge,https://www.imdb.com/title/tt0038873/,movie,7.4,145,1946,"Drama, Romance",5098,1946-11-19,Edmund Goulding
403,tt0039111,2012-07-27,2012-07-27,,The Yearling,https://www.imdb.com/title/tt0039111/,movie,7.2,128,1946,"Drama, Family, Western",5104,1946-12-18,Clarence Brown
404,tt0037884,2012-07-27,2012-07-27,&#9733 1946 Best Picture Winner &#9733,The Lost Weekend,https://www.imdb.com/title/tt0037884/,movie,7.9,101,1945,"Drama, Film-Noir",31850,1945-10-05,Billy Wilder
405,tt0037514,2012-07-27,2012-07-27,,Anchors Aweigh,https://www.imdb.com/title/tt0037514/,movie,7.1,140,1945,"Comedy, Fantasy, Music, Musical, Romance, War",7529,1945-07-19,"William Hanna, Joseph Barbera, George Sidney"
406,tt0037536,2012-07-27,2012-07-27,,The Bells of St. Mary's,https://www.imdb.com/title/tt0037536/,movie,7.3,126,1945,Drama,6727,1945-12-06,Leo McCarey
407,tt0037913,2012-07-27,2012-07-27,,Mildred Pierce,https://www.imdb.com/title/tt0037913/,movie,8.0,111,1945,"Crime, Drama, Film-Noir, Mystery, Romance",21260,1945-09-28,Michael Curtiz
408,tt0038109,2012-07-27,2012-07-27,,Spellbound,https://www.imdb.com/title/tt0038109/,movie,7.6,111,1945,"Film-Noir, Mystery, Romance, Thriller",40928,1945-10-31,Alfred Hitchcock
409,tt0036872,2012-07-27,2012-07-27,&#9733 1945 Best Picture Winner &#9733,Going My Way,https://www.imdb.com/title/tt0036872/,movie,7.0,126,1944,"Comedy, Drama, Music",9889,1944-05-03,Leo McCarey
410,tt0036775,2012-07-27,2012-07-27,,Double Indemnity,https://www.imdb.com/title/tt0036775/,movie,8.3,107,1944,"Crime, Drama, Film-Noir, Mystery, Thriller",134886,1944-06-14,Billy Wilder
411,tt0036855,2012-07-27,2012-07-27,,Gaslight,https://www.imdb.com/title/tt0036855/,movie,7.8,114,1944,"Crime, Drama, Film-Noir, Mystery, Thriller",22493,1944-05-04,George Cukor
412,tt0037280,2012-07-27,2012-07-27,,Since You Went Away,https://www.imdb.com/title/tt0037280/,movie,7.5,177,1944,"Drama, Romance, War",4086,1944-06-30,"John Cromwell, David O. Selznick, Tay Garnett, Edward F. Cline"
413,tt0037465,2012-07-27,2012-07-27,,Wilson,https://www.imdb.com/title/tt0037465/,movie,6.4,154,1944,"Biography, Drama, History, Music, Romance",1372,1944-07-31,Henry King
414,tt0034583,2012-07-27,2012-07-27,&#9733 1944 Best Picture Winner &#9733,Casablanca,https://www.imdb.com/title/tt0034583/,movie,8.5,102,1942,"Drama, Romance, War",496733,1942-11-26,Michael Curtiz
415,tt0035896,2012-07-27,2012-07-27,,For Whom the Bell Tolls,https://www.imdb.com/title/tt0035896/,movie,6.9,170,1943,"Adventure, Drama, History, Romance, War",7934,1943-07-14,Sam Wood
416,tt0035979,2012-07-27,2012-07-27,,Heaven Can Wait,https://www.imdb.com/title/tt0035979/,movie,7.5,112,1943,"Comedy, Drama, Fantasy, Romance",9163,1943-08-05,Ernst Lubitsch
417,tt0036022,2012-07-27,2012-07-27,,The Human Comedy,https://www.imdb.com/title/tt0036022/,movie,7.0,117,1943,"Comedy, Drama, Family",1742,1943-03-02,Clarence Brown
418,tt0034891,2012-07-27,2012-07-27,,In Which We Serve,https://www.imdb.com/title/tt0034891/,movie,7.2,114,1942,"Drama, War",4878,1942-09-17,"Noël Coward, David Lean"
419,tt0036126,2012-07-27,2012-07-27,,Madame Curie,https://www.imdb.com/title/tt0036126/,movie,7.2,124,1943,"Biography, Drama, Romance",2432,1943-12-15,"Mervyn LeRoy, Albert Lewin"
420,tt0036172,2012-07-27,2012-07-27,,The More the Merrier,https://www.imdb.com/title/tt0036172/,movie,7.7,104,1943,"Comedy, Romance, War",5604,1943-05-13,George Stevens
421,tt0036244,2012-07-27,2012-07-27,,The Ox-Bow Incident,https://www.imdb.com/title/tt0036244/,movie,8.0,75,1942,"Drama, Western",19831,1942-12-04,William A. Wellman
422,tt0036377,2012-07-27,2012-07-27,,The Song of Bernadette,https://www.imdb.com/title/tt0036377/,movie,7.6,156,1943,"Biography, Drama",5803,1943-12-21,Henry King
423,tt0036515,2012-07-27,2012-07-27,,Watch on the Rhine,https://www.imdb.com/title/tt0036515/,movie,7.3,114,1943,Drama,3658,1943-08-27,"Herman Shumlin, Hal Mohr"
424,tt0035093,2012-07-27,2012-07-27,&#9733 1943 Best Picture Winner &#9733,Mrs. Miniver,https://www.imdb.com/title/tt0035093/,movie,7.6,134,1942,"Drama, Romance, War",14978,1942-06-04,William Wyler
425,tt0033627,2012-07-27,2012-07-27,,49th Parallel,https://www.imdb.com/title/tt0033627/,movie,7.3,123,1941,"Drama, Thriller, War",5516,1941-10-08,Michael Powell
426,tt0034946,2012-07-27,2012-07-27,,Kings Row,https://www.imdb.com/title/tt0034946/,movie,7.5,127,1942,"Drama, Mystery, Romance",3756,1942-02-02,Sam Wood
427,tt0035015,2012-07-27,2012-07-27,,The Magnificent Ambersons,https://www.imdb.com/title/tt0035015/,movie,7.7,88,1942,"Drama, Romance",21080,1942-07-09,"Robert Wise, Fred Fleck, Orson Welles"
428,tt0035189,2012-07-27,2012-07-27,,The Pied Piper,https://www.imdb.com/title/tt0035189/,movie,7.1,87,1942,"Drama, War",442,1942-07-08,Irving Pichel
429,tt0035211,2012-07-27,2012-07-27,,The Pride of the Yankees,https://www.imdb.com/title/tt0035211/,movie,7.7,128,1942,"Biography, Drama, Romance, Sport",9313,1942-07-15,Sam Wood
430,tt0035238,2012-07-27,2012-07-27,,Random Harvest,https://www.imdb.com/title/tt0035238/,movie,8.0,126,1942,"Drama, Romance",6590,1942-12-17,Mervyn LeRoy
431,tt0035417,2012-07-27,2012-07-27,,The Talk of the Town,https://www.imdb.com/title/tt0035417/,movie,7.5,118,1942,"Comedy, Drama, Romance, Thriller",6853,1942-08-20,George Stevens
432,tt0035530,2012-07-27,2012-07-27,,Wake Island,https://www.imdb.com/title/tt0035530/,movie,6.8,88,1942,"Action, Drama, War",1702,1942-08-11,John Farrow
433,tt0035575,2012-07-27,2012-07-27,,Yankee Doodle Dandy,https://www.imdb.com/title/tt0035575/,movie,7.7,126,1942,"Biography, Drama, Musical",13350,1942-05-29,Michael Curtiz
434,tt0033729,2012-07-27,2012-07-27,&#9733 1942 Best Picture Winner &#9733,How Green Was My Valley,https://www.imdb.com/title/tt0033729/,movie,7.7,118,1941,"Drama, Family",20007,1941-10-28,John Ford
435,tt0033407,2012-07-27,2012-07-27,,Blossoms in the Dust,https://www.imdb.com/title/tt0033407/,movie,6.9,99,1941,"Biography, Drama, Romance",1653,1941-06-26,Mervyn LeRoy
436,tt0033467,2012-07-27,2012-07-27,,Citizen Kane,https://www.imdb.com/title/tt0033467/,movie,8.3,119,1941,"Drama, Mystery",378757,1941-05-01,Orson Welles
437,tt0033712,2012-07-27,2012-07-27,,Here Comes Mr. Jordan,https://www.imdb.com/title/tt0033712/,movie,7.6,94,1941,"Comedy, Fantasy, Romance",5545,1941-08-07,Alexander Hall
438,tt0033722,2012-07-27,2012-07-27,,Hold Back the Dawn,https://www.imdb.com/title/tt0033722/,movie,7.4,116,1941,"Drama, Romance",1771,1941-09-11,Mitchell Leisen
439,tt0033836,2012-07-27,2012-07-27,,The Little Foxes,https://www.imdb.com/title/tt0033836/,movie,8.0,116,1941,"Drama, Romance",9699,1941-08-21,William Wyler
440,tt0033870,2012-07-27,2012-07-27,,The Maltese Falcon,https://www.imdb.com/title/tt0033870/,movie,8.0,100,1941,"Film-Noir, Mystery",144260,1941-10-03,John Huston
441,tt0033980,2012-07-27,2012-07-27,,One Foot in Heaven,https://www.imdb.com/title/tt0033980/,movie,6.8,108,1941,"Biography, Drama",1073,1941-10-02,Irving Rapper
442,tt0034167,2012-07-27,2012-07-27,,Sergeant York,https://www.imdb.com/title/tt0034167/,movie,7.7,134,1941,"Biography, Drama, History, Romance, War",14548,1941-07-02,Howard Hawks
443,tt0034248,2012-07-27,2012-07-27,,Suspicion,https://www.imdb.com/title/tt0034248/,movie,7.4,99,1941,"Mystery, Thriller",30389,1941-11-14,Alfred Hitchcock
444,tt0032976,2012-07-27,2012-07-27,&#9733 1941 Best Picture Winner &#9733,Rebecca,https://www.imdb.com/title/tt0032976/,movie,8.1,130,1940,"Drama, Mystery, Romance, Thriller",115615,1940-03-21,Alfred Hitchcock
445,tt0032194,2012-07-27,2012-07-27,,"All This, and Heaven Too",https://www.imdb.com/title/tt0032194/,movie,7.5,141,1940,"Drama, Romance",4123,1940-07-04,Anatole Litvak
446,tt0032484,2012-07-27,2012-07-27,,Foreign Correspondent,https://www.imdb.com/title/tt0032484/,movie,7.5,120,1940,"Action, Romance, Thriller, War",17274,1940-08-16,Alfred Hitchcock
447,tt0032551,2012-07-27,2012-07-27,,The Grapes of Wrath,https://www.imdb.com/title/tt0032551/,movie,8.0,129,1940,"Drama, History",83263,1940-01-24,John Ford
448,tt0032553,2012-07-27,2012-07-27,,The Great Dictator,https://www.imdb.com/title/tt0032553/,movie,8.4,125,1940,"Comedy, Drama, War",190859,1940-10-15,Charles Chaplin
449,tt0032671,2012-07-27,2012-07-27,,Kitty Foyle,https://www.imdb.com/title/tt0032671/,movie,7.0,108,1940,"Drama, Romance",2984,1940-12-27,Sam Wood
450,tt0032701,2012-07-27,2012-07-27,,The Letter,https://www.imdb.com/title/tt0032701/,movie,7.6,95,1940,"Crime, Drama, Film-Noir, Mystery, Romance",11024,1940-11-15,William Wyler
451,tt0032728,2012-07-27,2012-07-27,,The Long Voyage Home,https://www.imdb.com/title/tt0032728/,movie,7.0,105,1940,"Drama, War",3638,1940-10-08,John Ford
452,tt0032881,2012-07-27,2012-07-27,,Our Town,https://www.imdb.com/title/tt0032881/,movie,6.6,90,1940,"Drama, Romance",2220,1940-05-24,Sam Wood
453,tt0032904,2012-07-27,2012-07-27,,The Philadelphia Story,https://www.imdb.com/title/tt0032904/,movie,7.9,112,1940,"Comedy, Romance",60550,1940-12-05,George Cukor
454,tt0031381,2012-07-27,2012-07-27,&#9733 1940 Best Picture Winner &#9733,Gone with the Wind,https://www.imdb.com/title/tt0031381/,movie,8.1,238,1939,"Drama, History, Romance, War",274948,1939-12-15,"Sam Wood, George Cukor, Victor Fleming"
455,tt0031210,2012-07-27,2012-07-27,,Dark Victory,https://www.imdb.com/title/tt0031210/,movie,7.5,104,1939,"Drama, Romance",9421,1939-04-20,Edmund Goulding
456,tt0031385,2012-07-27,2012-07-27,,"Goodbye, Mr. Chips",https://www.imdb.com/title/tt0031385/,movie,7.9,114,1939,"Drama, Romance",9336,1939-05-15,"Sam Wood, Sidney Franklin"
457,tt0031593,2012-07-27,2012-07-27,,Love Affair,https://www.imdb.com/title/tt0031593/,movie,7.3,88,1939,"Comedy, Drama, Romance",4081,1939-03-16,Leo McCarey
458,tt0031679,2012-07-27,2012-07-27,,Mr. Smith Goes to Washington,https://www.imdb.com/title/tt0031679/,movie,8.1,129,1939,"Comedy, Drama",101886,1939-10-17,Frank Capra
459,tt0031725,2012-07-27,2012-07-27,,Ninotchka,https://www.imdb.com/title/tt0031725/,movie,7.9,110,1939,"Comedy, Romance",17959,1939-11-09,Ernst Lubitsch
460,tt0031742,2012-07-27,2012-07-27,,Of Mice and Men,https://www.imdb.com/title/tt0031742/,movie,7.9,106,1939,Drama,5227,1939-12-24,Lewis Milestone
461,tt0031971,2012-07-27,2012-07-27,,Stagecoach,https://www.imdb.com/title/tt0031971/,movie,7.9,96,1939,"Adventure, Drama, Western",40451,1939-02-10,John Ford
462,tt0032138,2012-07-27,2012-07-27,,The Wizard of Oz,https://www.imdb.com/title/tt0032138/,movie,8.0,102,1939,"Adventure, Family, Fantasy, Musical",361403,1939-08-10,"Mervyn LeRoy, George Cukor, Norman Taurog, King Vidor, Victor Fleming, Richard Thorpe"
463,tt0032145,2012-07-27,2012-07-27,,Wuthering Heights,https://www.imdb.com/title/tt0032145/,movie,7.6,104,1939,"Drama, Romance",15511,1939-03-24,William Wyler
